,m2_money_supply
2015-01-01,11806.2
2015-01-02,11806.2
2015-01-03,11806.2
2015-01-04,11806.2
2015-01-05,11806.2
2015-01-06,11806.2
2015-01-07,11806.2
2015-01-08,11806.2
2015-01-09,11806.2
2015-01-10,11806.2
2015-01-11,11806.2
2015-01-12,11806.2
2015-01-13,11806.2
2015-01-14,11806.2
2015-01-15,11806.2
2015-01-16,11806.2
2015-01-17,11806.2
2015-01-18,11806.2
2015-01-19,11806.2
2015-01-20,11806.2
2015-01-21,11806.2
2015-01-22,11806.2
2015-01-23,11806.2
2015-01-24,11806.2
2015-01-25,11806.2
2015-01-26,11806.2
2015-01-27,11806.2
2015-01-28,11806.2
2015-01-29,11806.2
2015-01-30,11806.2
2015-01-31,11806.2
2015-02-01,11920.7
2015-02-02,11920.7
2015-02-03,11920.7
2015-02-04,11920.7
2015-02-05,11920.7
2015-02-06,11920.7
2015-02-07,11920.7
2015-02-08,11920.7
2015-02-09,11920.7
2015-02-10,11920.7
2015-02-11,11920.7
2015-02-12,11920.7
2015-02-13,11920.7
2015-02-14,11920.7
2015-02-15,11920.7
2015-02-16,11920.7
2015-02-17,11920.7
2015-02-18,11920.7
2015-02-19,11920.7
2015-02-20,11920.7
2015-02-21,11920.7
2015-02-22,11920.7
2015-02-23,11920.7
2015-02-24,11920.7
2015-02-25,11920.7
2015-02-26,11920.7
2015-02-27,11920.7
2015-02-28,11920.7
2015-03-01,11919.1
2015-03-02,11919.1
2015-03-03,11919.1
2015-03-04,11919.1
2015-03-05,11919.1
2015-03-06,11919.1
2015-03-07,11919.1
2015-03-08,11919.1
2015-03-09,11919.1
2015-03-10,11919.1
2015-03-11,11919.1
2015-03-12,11919.1
2015-03-13,11919.1
2015-03-14,11919.1
2015-03-15,11919.1
2015-03-16,11919.1
2015-03-17,11919.1
2015-03-18,11919.1
2015-03-19,11919.1
2015-03-20,11919.1
2015-03-21,11919.1
2015-03-22,11919.1
2015-03-23,11919.1
2015-03-24,11919.1
2015-03-25,11919.1
2015-03-26,11919.1
2015-03-27,11919.1
2015-03-28,11919.1
2015-03-29,11919.1
2015-03-30,11919.1
2015-03-31,11919.1
2015-04-01,11953.4
2015-04-02,11953.4
2015-04-03,11953.4
2015-04-04,11953.4
2015-04-05,11953.4
2015-04-06,11953.4
2015-04-07,11953.4
2015-04-08,11953.4
2015-04-09,11953.4
2015-04-10,11953.4
2015-04-11,11953.4
2015-04-12,11953.4
2015-04-13,11953.4
2015-04-14,11953.4
2015-04-15,11953.4
2015-04-16,11953.4
2015-04-17,11953.4
2015-04-18,11953.4
2015-04-19,11953.4
2015-04-20,11953.4
2015-04-21,11953.4
2015-04-22,11953.4
2015-04-23,11953.4
2015-04-24,11953.4
2015-04-25,11953.4
2015-04-26,11953.4
2015-04-27,11953.4
2015-04-28,11953.4
2015-04-29,11953.4
2015-04-30,11953.4
2015-05-01,11981.9
2015-05-02,11981.9
2015-05-03,11981.9
2015-05-04,11981.9
2015-05-05,11981.9
2015-05-06,11981.9
2015-05-07,11981.9
2015-05-08,11981.9
2015-05-09,11981.9
2015-05-10,11981.9
2015-05-11,11981.9
2015-05-12,11981.9
2015-05-13,11981.9
2015-05-14,11981.9
2015-05-15,11981.9
2015-05-16,11981.9
2015-05-17,11981.9
2015-05-18,11981.9
2015-05-19,11981.9
2015-05-20,11981.9
2015-05-21,11981.9
2015-05-22,11981.9
2015-05-23,11981.9
2015-05-24,11981.9
2015-05-25,11981.9
2015-05-26,11981.9
2015-05-27,11981.9
2015-05-28,11981.9
2015-05-29,11981.9
2015-05-30,11981.9
2015-05-31,11981.9
2015-06-01,12020.9
2015-06-02,12020.9
2015-06-03,12020.9
2015-06-04,12020.9
2015-06-05,12020.9
2015-06-06,12020.9
2015-06-07,12020.9
2015-06-08,12020.9
2015-06-09,12020.9
2015-06-10,12020.9
2015-06-11,12020.9
2015-06-12,12020.9
2015-06-13,12020.9
2015-06-14,12020.9
2015-06-15,12020.9
2015-06-16,12020.9
2015-06-17,12020.9
2015-06-18,12020.9
2015-06-19,12020.9
2015-06-20,12020.9
2015-06-21,12020.9
2015-06-22,12020.9
2015-06-23,12020.9
2015-06-24,12020.9
2015-06-25,12020.9
2015-06-26,12020.9
2015-06-27,12020.9
2015-06-28,12020.9
2015-06-29,12020.9
2015-06-30,12020.9
2015-07-01,12063.5
2015-07-02,12063.5
2015-07-03,12063.5
2015-07-04,12063.5
2015-07-05,12063.5
2015-07-06,12063.5
2015-07-07,12063.5
2015-07-08,12063.5
2015-07-09,12063.5
2015-07-10,12063.5
2015-07-11,12063.5
2015-07-12,12063.5
2015-07-13,12063.5
2015-07-14,12063.5
2015-07-15,12063.5
2015-07-16,12063.5
2015-07-17,12063.5
2015-07-18,12063.5
2015-07-19,12063.5
2015-07-20,12063.5
2015-07-21,12063.5
2015-07-22,12063.5
2015-07-23,12063.5
2015-07-24,12063.5
2015-07-25,12063.5
2015-07-26,12063.5
2015-07-27,12063.5
2015-07-28,12063.5
2015-07-29,12063.5
2015-07-30,12063.5
2015-07-31,12063.5
2015-08-01,12110.1
2015-08-02,12110.1
2015-08-03,12110.1
2015-08-04,12110.1
2015-08-05,12110.1
2015-08-06,12110.1
2015-08-07,12110.1
2015-08-08,12110.1
2015-08-09,12110.1
2015-08-10,12110.1
2015-08-11,12110.1
2015-08-12,12110.1
2015-08-13,12110.1
2015-08-14,12110.1
2015-08-15,12110.1
2015-08-16,12110.1
2015-08-17,12110.1
2015-08-18,12110.1
2015-08-19,12110.1
2015-08-20,12110.1
2015-08-21,12110.1
2015-08-22,12110.1
2015-08-23,12110.1
2015-08-24,12110.1
2015-08-25,12110.1
2015-08-26,12110.1
2015-08-27,12110.1
2015-08-28,12110.1
2015-08-29,12110.1
2015-08-30,12110.1
2015-08-31,12110.1
2015-09-01,12172.7
2015-09-02,12172.7
2015-09-03,12172.7
2015-09-04,12172.7
2015-09-05,12172.7
2015-09-06,12172.7
2015-09-07,12172.7
2015-09-08,12172.7
2015-09-09,12172.7
2015-09-10,12172.7
2015-09-11,12172.7
2015-09-12,12172.7
2015-09-13,12172.7
2015-09-14,12172.7
2015-09-15,12172.7
2015-09-16,12172.7
2015-09-17,12172.7
2015-09-18,12172.7
2015-09-19,12172.7
2015-09-20,12172.7
2015-09-21,12172.7
2015-09-22,12172.7
2015-09-23,12172.7
2015-09-24,12172.7
2015-09-25,12172.7
2015-09-26,12172.7
2015-09-27,12172.7
2015-09-28,12172.7
2015-09-29,12172.7
2015-09-30,12172.7
2015-10-01,12228.4
2015-10-02,12228.4
2015-10-03,12228.4
2015-10-04,12228.4
2015-10-05,12228.4
2015-10-06,12228.4
2015-10-07,12228.4
2015-10-08,12228.4
2015-10-09,12228.4
2015-10-10,12228.4
2015-10-11,12228.4
2015-10-12,12228.4
2015-10-13,12228.4
2015-10-14,12228.4
2015-10-15,12228.4
2015-10-16,12228.4
2015-10-17,12228.4
2015-10-18,12228.4
2015-10-19,12228.4
2015-10-20,12228.4
2015-10-21,12228.4
2015-10-22,12228.4
2015-10-23,12228.4
2015-10-24,12228.4
2015-10-25,12228.4
2015-10-26,12228.4
2015-10-27,12228.4
2015-10-28,12228.4
2015-10-29,12228.4
2015-10-30,12228.4
2015-10-31,12228.4
2015-11-01,12322.7
2015-11-02,12322.7
2015-11-03,12322.7
2015-11-04,12322.7
2015-11-05,12322.7
2015-11-06,12322.7
2015-11-07,12322.7
2015-11-08,12322.7
2015-11-09,12322.7
2015-11-10,12322.7
2015-11-11,12322.7
2015-11-12,12322.7
2015-11-13,12322.7
2015-11-14,12322.7
2015-11-15,12322.7
2015-11-16,12322.7
2015-11-17,12322.7
2015-11-18,12322.7
2015-11-19,12322.7
2015-11-20,12322.7
2015-11-21,12322.7
2015-11-22,12322.7
2015-11-23,12322.7
2015-11-24,12322.7
2015-11-25,12322.7
2015-11-26,12322.7
2015-11-27,12322.7
2015-11-28,12322.7
2015-11-29,12322.7
2015-11-30,12322.7
2015-12-01,12393.6
2015-12-02,12393.6
2015-12-03,12393.6
2015-12-04,12393.6
2015-12-05,12393.6
2015-12-06,12393.6
2015-12-07,12393.6
2015-12-08,12393.6
2015-12-09,12393.6
2015-12-10,12393.6
2015-12-11,12393.6
2015-12-12,12393.6
2015-12-13,12393.6
2015-12-14,12393.6
2015-12-15,12393.6
2015-12-16,12393.6
2015-12-17,12393.6
2015-12-18,12393.6
2015-12-19,12393.6
2015-12-20,12393.6
2015-12-21,12393.6
2015-12-22,12393.6
2015-12-23,12393.6
2015-12-24,12393.6
2015-12-25,12393.6
2015-12-26,12393.6
2015-12-27,12393.6
2015-12-28,12393.6
2015-12-29,12393.6
2015-12-30,12393.6
2015-12-31,12393.6
2016-01-01,12522.2
2016-01-02,12522.2
2016-01-03,12522.2
2016-01-04,12522.2
2016-01-05,12522.2
2016-01-06,12522.2
2016-01-07,12522.2
2016-01-08,12522.2
2016-01-09,12522.2
2016-01-10,12522.2
2016-01-11,12522.2
2016-01-12,12522.2
2016-01-13,12522.2
2016-01-14,12522.2
2016-01-15,12522.2
2016-01-16,12522.2
2016-01-17,12522.2
2016-01-18,12522.2
2016-01-19,12522.2
2016-01-20,12522.2
2016-01-21,12522.2
2016-01-22,12522.2
2016-01-23,12522.2
2016-01-24,12522.2
2016-01-25,12522.2
2016-01-26,12522.2
2016-01-27,12522.2
2016-01-28,12522.2
2016-01-29,12522.2
2016-01-30,12522.2
2016-01-31,12522.2
2016-02-01,12604.4
2016-02-02,12604.4
2016-02-03,12604.4
2016-02-04,12604.4
2016-02-05,12604.4
2016-02-06,12604.4
2016-02-07,12604.4
2016-02-08,12604.4
2016-02-09,12604.4
2016-02-10,12604.4
2016-02-11,12604.4
2016-02-12,12604.4
2016-02-13,12604.4
2016-02-14,12604.4
2016-02-15,12604.4
2016-02-16,12604.4
2016-02-17,12604.4
2016-02-18,12604.4
2016-02-19,12604.4
2016-02-20,12604.4
2016-02-21,12604.4
2016-02-22,12604.4
2016-02-23,12604.4
2016-02-24,12604.4
2016-02-25,12604.4
2016-02-26,12604.4
2016-02-27,12604.4
2016-02-28,12604.4
2016-02-29,12604.4
2016-03-01,12662.2
2016-03-02,12662.2
2016-03-03,12662.2
2016-03-04,12662.2
2016-03-05,12662.2
2016-03-06,12662.2
2016-03-07,12662.2
2016-03-08,12662.2
2016-03-09,12662.2
2016-03-10,12662.2
2016-03-11,12662.2
2016-03-12,12662.2
2016-03-13,12662.2
2016-03-14,12662.2
2016-03-15,12662.2
2016-03-16,12662.2
2016-03-17,12662.2
2016-03-18,12662.2
2016-03-19,12662.2
2016-03-20,12662.2
2016-03-21,12662.2
2016-03-22,12662.2
2016-03-23,12662.2
2016-03-24,12662.2
2016-03-25,12662.2
2016-03-26,12662.2
2016-03-27,12662.2
2016-03-28,12662.2
2016-03-29,12662.2
2016-03-30,12662.2
2016-03-31,12662.2
2016-04-01,12741.9
2016-04-02,12741.9
2016-04-03,12741.9
2016-04-04,12741.9
2016-04-05,12741.9
2016-04-06,12741.9
2016-04-07,12741.9
2016-04-08,12741.9
2016-04-09,12741.9
2016-04-10,12741.9
2016-04-11,12741.9
2016-04-12,12741.9
2016-04-13,12741.9
2016-04-14,12741.9
2016-04-15,12741.9
2016-04-16,12741.9
2016-04-17,12741.9
2016-04-18,12741.9
2016-04-19,12741.9
2016-04-20,12741.9
2016-04-21,12741.9
2016-04-22,12741.9
2016-04-23,12741.9
2016-04-24,12741.9
2016-04-25,12741.9
2016-04-26,12741.9
2016-04-27,12741.9
2016-04-28,12741.9
2016-04-29,12741.9
2016-04-30,12741.9
2016-05-01,12800.7
2016-05-02,12800.7
2016-05-03,12800.7
2016-05-04,12800.7
2016-05-05,12800.7
2016-05-06,12800.7
2016-05-07,12800.7
2016-05-08,12800.7
2016-05-09,12800.7
2016-05-10,12800.7
2016-05-11,12800.7
2016-05-12,12800.7
2016-05-13,12800.7
2016-05-14,12800.7
2016-05-15,12800.7
2016-05-16,12800.7
2016-05-17,12800.7
2016-05-18,12800.7
2016-05-19,12800.7
2016-05-20,12800.7
2016-05-21,12800.7
2016-05-22,12800.7
2016-05-23,12800.7
2016-05-24,12800.7
2016-05-25,12800.7
2016-05-26,12800.7
2016-05-27,12800.7
2016-05-28,12800.7
2016-05-29,12800.7
2016-05-30,12800.7
2016-05-31,12800.7
2016-06-01,12849.3
2016-06-02,12849.3
2016-06-03,12849.3
2016-06-04,12849.3
2016-06-05,12849.3
2016-06-06,12849.3
2016-06-07,12849.3
2016-06-08,12849.3
2016-06-09,12849.3
2016-06-10,12849.3
2016-06-11,12849.3
2016-06-12,12849.3
2016-06-13,12849.3
2016-06-14,12849.3
2016-06-15,12849.3
2016-06-16,12849.3
2016-06-17,12849.3
2016-06-18,12849.3
2016-06-19,12849.3
2016-06-20,12849.3
2016-06-21,12849.3
2016-06-22,12849.3
2016-06-23,12849.3
2016-06-24,12849.3
2016-06-25,12849.3
2016-06-26,12849.3
2016-06-27,12849.3
2016-06-28,12849.3
2016-06-29,12849.3
2016-06-30,12849.3
2016-07-01,12907.3
2016-07-02,12907.3
2016-07-03,12907.3
2016-07-04,12907.3
2016-07-05,12907.3
2016-07-06,12907.3
2016-07-07,12907.3
2016-07-08,12907.3
2016-07-09,12907.3
2016-07-10,12907.3
2016-07-11,12907.3
2016-07-12,12907.3
2016-07-13,12907.3
2016-07-14,12907.3
2016-07-15,12907.3
2016-07-16,12907.3
2016-07-17,12907.3
2016-07-18,12907.3
2016-07-19,12907.3
2016-07-20,12907.3
2016-07-21,12907.3
2016-07-22,12907.3
2016-07-23,12907.3
2016-07-24,12907.3
2016-07-25,12907.3
2016-07-26,12907.3
2016-07-27,12907.3
2016-07-28,12907.3
2016-07-29,12907.3
2016-07-30,12907.3
2016-07-31,12907.3
2016-08-01,12986.7
2016-08-02,12986.7
2016-08-03,12986.7
2016-08-04,12986.7
2016-08-05,12986.7
2016-08-06,12986.7
2016-08-07,12986.7
2016-08-08,12986.7
2016-08-09,12986.7
2016-08-10,12986.7
2016-08-11,12986.7
2016-08-12,12986.7
2016-08-13,12986.7
2016-08-14,12986.7
2016-08-15,12986.7
2016-08-16,12986.7
2016-08-17,12986.7
2016-08-18,12986.7
2016-08-19,12986.7
2016-08-20,12986.7
2016-08-21,12986.7
2016-08-22,12986.7
2016-08-23,12986.7
2016-08-24,12986.7
2016-08-25,12986.7
2016-08-26,12986.7
2016-08-27,12986.7
2016-08-28,12986.7
2016-08-29,12986.7
2016-08-30,12986.7
2016-08-31,12986.7
2016-09-01,13052.7
2016-09-02,13052.7
2016-09-03,13052.7
2016-09-04,13052.7
2016-09-05,13052.7
2016-09-06,13052.7
2016-09-07,13052.7
2016-09-08,13052.7
2016-09-09,13052.7
2016-09-10,13052.7
2016-09-11,13052.7
2016-09-12,13052.7
2016-09-13,13052.7
2016-09-14,13052.7
2016-09-15,13052.7
2016-09-16,13052.7
2016-09-17,13052.7
2016-09-18,13052.7
2016-09-19,13052.7
2016-09-20,13052.7
2016-09-21,13052.7
2016-09-22,13052.7
2016-09-23,13052.7
2016-09-24,13052.7
2016-09-25,13052.7
2016-09-26,13052.7
2016-09-27,13052.7
2016-09-28,13052.7
2016-09-29,13052.7
2016-09-30,13052.7
2016-10-01,13124.5
2016-10-02,13124.5
2016-10-03,13124.5
2016-10-04,13124.5
2016-10-05,13124.5
2016-10-06,13124.5
2016-10-07,13124.5
2016-10-08,13124.5
2016-10-09,13124.5
2016-10-10,13124.5
2016-10-11,13124.5
2016-10-12,13124.5
2016-10-13,13124.5
2016-10-14,13124.5
2016-10-15,13124.5
2016-10-16,13124.5
2016-10-17,13124.5
2016-10-18,13124.5
2016-10-19,13124.5
2016-10-20,13124.5
2016-10-21,13124.5
2016-10-22,13124.5
2016-10-23,13124.5
2016-10-24,13124.5
2016-10-25,13124.5
2016-10-26,13124.5
2016-10-27,13124.5
2016-10-28,13124.5
2016-10-29,13124.5
2016-10-30,13124.5
2016-10-31,13124.5
2016-11-01,13214.2
2016-11-02,13214.2
2016-11-03,13214.2
2016-11-04,13214.2
2016-11-05,13214.2
2016-11-06,13214.2
2016-11-07,13214.2
2016-11-08,13214.2
2016-11-09,13214.2
2016-11-10,13214.2
2016-11-11,13214.2
2016-11-12,13214.2
2016-11-13,13214.2
2016-11-14,13214.2
2016-11-15,13214.2
2016-11-16,13214.2
2016-11-17,13214.2
2016-11-18,13214.2
2016-11-19,13214.2
2016-11-20,13214.2
2016-11-21,13214.2
2016-11-22,13214.2
2016-11-23,13214.2
2016-11-24,13214.2
2016-11-25,13214.2
2016-11-26,13214.2
2016-11-27,13214.2
2016-11-28,13214.2
2016-11-29,13214.2
2016-11-30,13214.2
2016-12-01,13240.6
2016-12-02,13240.6
2016-12-03,13240.6
2016-12-04,13240.6
2016-12-05,13240.6
2016-12-06,13240.6
2016-12-07,13240.6
2016-12-08,13240.6
2016-12-09,13240.6
2016-12-10,13240.6
2016-12-11,13240.6
2016-12-12,13240.6
2016-12-13,13240.6
2016-12-14,13240.6
2016-12-15,13240.6
2016-12-16,13240.6
2016-12-17,13240.6
2016-12-18,13240.6
2016-12-19,13240.6
2016-12-20,13240.6
2016-12-21,13240.6
2016-12-22,13240.6
2016-12-23,13240.6
2016-12-24,13240.6
2016-12-25,13240.6
2016-12-26,13240.6
2016-12-27,13240.6
2016-12-28,13240.6
2016-12-29,13240.6
2016-12-30,13240.6
2016-12-31,13240.6
2017-01-01,13318.9
2017-01-02,13318.9
2017-01-03,13318.9
2017-01-04,13318.9
2017-01-05,13318.9
2017-01-06,13318.9
2017-01-07,13318.9
2017-01-08,13318.9
2017-01-09,13318.9
2017-01-10,13318.9
2017-01-11,13318.9
2017-01-12,13318.9
2017-01-13,13318.9
2017-01-14,13318.9
2017-01-15,13318.9
2017-01-16,13318.9
2017-01-17,13318.9
2017-01-18,13318.9
2017-01-19,13318.9
2017-01-20,13318.9
2017-01-21,13318.9
2017-01-22,13318.9
2017-01-23,13318.9
2017-01-24,13318.9
2017-01-25,13318.9
2017-01-26,13318.9
2017-01-27,13318.9
2017-01-28,13318.9
2017-01-29,13318.9
2017-01-30,13318.9
2017-01-31,13318.9
2017-02-01,13395.2
2017-02-02,13395.2
2017-02-03,13395.2
2017-02-04,13395.2
2017-02-05,13395.2
2017-02-06,13395.2
2017-02-07,13395.2
2017-02-08,13395.2
2017-02-09,13395.2
2017-02-10,13395.2
2017-02-11,13395.2
2017-02-12,13395.2
2017-02-13,13395.2
2017-02-14,13395.2
2017-02-15,13395.2
2017-02-16,13395.2
2017-02-17,13395.2
2017-02-18,13395.2
2017-02-19,13395.2
2017-02-20,13395.2
2017-02-21,13395.2
2017-02-22,13395.2
2017-02-23,13395.2
2017-02-24,13395.2
2017-02-25,13395.2
2017-02-26,13395.2
2017-02-27,13395.2
2017-02-28,13395.2
2017-03-01,13464.6
2017-03-02,13464.6
2017-03-03,13464.6
2017-03-04,13464.6
2017-03-05,13464.6
2017-03-06,13464.6
2017-03-07,13464.6
2017-03-08,13464.6
2017-03-09,13464.6
2017-03-10,13464.6
2017-03-11,13464.6
2017-03-12,13464.6
2017-03-13,13464.6
2017-03-14,13464.6
2017-03-15,13464.6
2017-03-16,13464.6
2017-03-17,13464.6
2017-03-18,13464.6
2017-03-19,13464.6
2017-03-20,13464.6
2017-03-21,13464.6
2017-03-22,13464.6
2017-03-23,13464.6
2017-03-24,13464.6
2017-03-25,13464.6
2017-03-26,13464.6
2017-03-27,13464.6
2017-03-28,13464.6
2017-03-29,13464.6
2017-03-30,13464.6
2017-03-31,13464.6
2017-04-01,13520.3
2017-04-02,13520.3
2017-04-03,13520.3
2017-04-04,13520.3
2017-04-05,13520.3
2017-04-06,13520.3
2017-04-07,13520.3
2017-04-08,13520.3
2017-04-09,13520.3
2017-04-10,13520.3
2017-04-11,13520.3
2017-04-12,13520.3
2017-04-13,13520.3
2017-04-14,13520.3
2017-04-15,13520.3
2017-04-16,13520.3
2017-04-17,13520.3
2017-04-18,13520.3
2017-04-19,13520.3
2017-04-20,13520.3
2017-04-21,13520.3
2017-04-22,13520.3
2017-04-23,13520.3
2017-04-24,13520.3
2017-04-25,13520.3
2017-04-26,13520.3
2017-04-27,13520.3
2017-04-28,13520.3
2017-04-29,13520.3
2017-04-30,13520.3
2017-05-01,13567.4
2017-05-02,13567.4
2017-05-03,13567.4
2017-05-04,13567.4
2017-05-05,13567.4
2017-05-06,13567.4
2017-05-07,13567.4
2017-05-08,13567.4
2017-05-09,13567.4
2017-05-10,13567.4
2017-05-11,13567.4
2017-05-12,13567.4
2017-05-13,13567.4
2017-05-14,13567.4
2017-05-15,13567.4
2017-05-16,13567.4
2017-05-17,13567.4
2017-05-18,13567.4
2017-05-19,13567.4
2017-05-20,13567.4
2017-05-21,13567.4
2017-05-22,13567.4
2017-05-23,13567.4
2017-05-24,13567.4
2017-05-25,13567.4
2017-05-26,13567.4
2017-05-27,13567.4
2017-05-28,13567.4
2017-05-29,13567.4
2017-05-30,13567.4
2017-05-31,13567.4
2017-06-01,13577.0
2017-06-02,13577.0
2017-06-03,13577.0
2017-06-04,13577.0
2017-06-05,13577.0
2017-06-06,13577.0
2017-06-07,13577.0
2017-06-08,13577.0
2017-06-09,13577.0
2017-06-10,13577.0
2017-06-11,13577.0
2017-06-12,13577.0
2017-06-13,13577.0
2017-06-14,13577.0
2017-06-15,13577.0
2017-06-16,13577.0
2017-06-17,13577.0
2017-06-18,13577.0
2017-06-19,13577.0
2017-06-20,13577.0
2017-06-21,13577.0
2017-06-22,13577.0
2017-06-23,13577.0
2017-06-24,13577.0
2017-06-25,13577.0
2017-06-26,13577.0
2017-06-27,13577.0
2017-06-28,13577.0
2017-06-29,13577.0
2017-06-30,13577.0
2017-07-01,13638.5
2017-07-02,13638.5
2017-07-03,13638.5
2017-07-04,13638.5
2017-07-05,13638.5
2017-07-06,13638.5
2017-07-07,13638.5
2017-07-08,13638.5
2017-07-09,13638.5
2017-07-10,13638.5
2017-07-11,13638.5
2017-07-12,13638.5
2017-07-13,13638.5
2017-07-14,13638.5
2017-07-15,13638.5
2017-07-16,13638.5
2017-07-17,13638.5
2017-07-18,13638.5
2017-07-19,13638.5
2017-07-20,13638.5
2017-07-21,13638.5
2017-07-22,13638.5
2017-07-23,13638.5
2017-07-24,13638.5
2017-07-25,13638.5
2017-07-26,13638.5
2017-07-27,13638.5
2017-07-28,13638.5
2017-07-29,13638.5
2017-07-30,13638.5
2017-07-31,13638.5
2017-08-01,13695.0
2017-08-02,13695.0
2017-08-03,13695.0
2017-08-04,13695.0
2017-08-05,13695.0
2017-08-06,13695.0
2017-08-07,13695.0
2017-08-08,13695.0
2017-08-09,13695.0
2017-08-10,13695.0
2017-08-11,13695.0
2017-08-12,13695.0
2017-08-13,13695.0
2017-08-14,13695.0
2017-08-15,13695.0
2017-08-16,13695.0
2017-08-17,13695.0
2017-08-18,13695.0
2017-08-19,13695.0
2017-08-20,13695.0
2017-08-21,13695.0
2017-08-22,13695.0
2017-08-23,13695.0
2017-08-24,13695.0
2017-08-25,13695.0
2017-08-26,13695.0
2017-08-27,13695.0
2017-08-28,13695.0
2017-08-29,13695.0
2017-08-30,13695.0
2017-08-31,13695.0
2017-09-01,13743.0
2017-09-02,13743.0
2017-09-03,13743.0
2017-09-04,13743.0
2017-09-05,13743.0
2017-09-06,13743.0
2017-09-07,13743.0
2017-09-08,13743.0
2017-09-09,13743.0
2017-09-10,13743.0
2017-09-11,13743.0
2017-09-12,13743.0
2017-09-13,13743.0
2017-09-14,13743.0
2017-09-15,13743.0
2017-09-16,13743.0
2017-09-17,13743.0
2017-09-18,13743.0
2017-09-19,13743.0
2017-09-20,13743.0
2017-09-21,13743.0
2017-09-22,13743.0
2017-09-23,13743.0
2017-09-24,13743.0
2017-09-25,13743.0
2017-09-26,13743.0
2017-09-27,13743.0
2017-09-28,13743.0
2017-09-29,13743.0
2017-09-30,13743.0
2017-10-01,13801.5
2017-10-02,13801.5
2017-10-03,13801.5
2017-10-04,13801.5
2017-10-05,13801.5
2017-10-06,13801.5
2017-10-07,13801.5
2017-10-08,13801.5
2017-10-09,13801.5
2017-10-10,13801.5
2017-10-11,13801.5
2017-10-12,13801.5
2017-10-13,13801.5
2017-10-14,13801.5
2017-10-15,13801.5
2017-10-16,13801.5
2017-10-17,13801.5
2017-10-18,13801.5
2017-10-19,13801.5
2017-10-20,13801.5
2017-10-21,13801.5
2017-10-22,13801.5
2017-10-23,13801.5
2017-10-24,13801.5
2017-10-25,13801.5
2017-10-26,13801.5
2017-10-27,13801.5
2017-10-28,13801.5
2017-10-29,13801.5
2017-10-30,13801.5
2017-10-31,13801.5
2017-11-01,13849.1
2017-11-02,13849.1
2017-11-03,13849.1
2017-11-04,13849.1
2017-11-05,13849.1
2017-11-06,13849.1
2017-11-07,13849.1
2017-11-08,13849.1
2017-11-09,13849.1
2017-11-10,13849.1
2017-11-11,13849.1
2017-11-12,13849.1
2017-11-13,13849.1
2017-11-14,13849.1
2017-11-15,13849.1
2017-11-16,13849.1
2017-11-17,13849.1
2017-11-18,13849.1
2017-11-19,13849.1
2017-11-20,13849.1
2017-11-21,13849.1
2017-11-22,13849.1
2017-11-23,13849.1
2017-11-24,13849.1
2017-11-25,13849.1
2017-11-26,13849.1
2017-11-27,13849.1
2017-11-28,13849.1
2017-11-29,13849.1
2017-11-30,13849.1
2017-12-01,13887.3
2017-12-02,13887.3
2017-12-03,13887.3
2017-12-04,13887.3
2017-12-05,13887.3
2017-12-06,13887.3
2017-12-07,13887.3
2017-12-08,13887.3
2017-12-09,13887.3
2017-12-10,13887.3
2017-12-11,13887.3
2017-12-12,13887.3
2017-12-13,13887.3
2017-12-14,13887.3
2017-12-15,13887.3
2017-12-16,13887.3
2017-12-17,13887.3
2017-12-18,13887.3
2017-12-19,13887.3
2017-12-20,13887.3
2017-12-21,13887.3
2017-12-22,13887.3
2017-12-23,13887.3
2017-12-24,13887.3
2017-12-25,13887.3
2017-12-26,13887.3
2017-12-27,13887.3
2017-12-28,13887.3
2017-12-29,13887.3
2017-12-30,13887.3
2017-12-31,13887.3
2018-01-01,13902.4
2018-01-02,13902.4
2018-01-03,13902.4
2018-01-04,13902.4
2018-01-05,13902.4
2018-01-06,13902.4
2018-01-07,13902.4
2018-01-08,13902.4
2018-01-09,13902.4
2018-01-10,13902.4
2018-01-11,13902.4
2018-01-12,13902.4
2018-01-13,13902.4
2018-01-14,13902.4
2018-01-15,13902.4
2018-01-16,13902.4
2018-01-17,13902.4
2018-01-18,13902.4
2018-01-19,13902.4
2018-01-20,13902.4
2018-01-21,13902.4
2018-01-22,13902.4
2018-01-23,13902.4
2018-01-24,13902.4
2018-01-25,13902.4
2018-01-26,13902.4
2018-01-27,13902.4
2018-01-28,13902.4
2018-01-29,13902.4
2018-01-30,13902.4
2018-01-31,13902.4
2018-02-01,13949.8
2018-02-02,13949.8
2018-02-03,13949.8
2018-02-04,13949.8
2018-02-05,13949.8
2018-02-06,13949.8
2018-02-07,13949.8
2018-02-08,13949.8
2018-02-09,13949.8
2018-02-10,13949.8
2018-02-11,13949.8
2018-02-12,13949.8
2018-02-13,13949.8
2018-02-14,13949.8
2018-02-15,13949.8
2018-02-16,13949.8
2018-02-17,13949.8
2018-02-18,13949.8
2018-02-19,13949.8
2018-02-20,13949.8
2018-02-21,13949.8
2018-02-22,13949.8
2018-02-23,13949.8
2018-02-24,13949.8
2018-02-25,13949.8
2018-02-26,13949.8
2018-02-27,13949.8
2018-02-28,13949.8
2018-03-01,14014.5
2018-03-02,14014.5
2018-03-03,14014.5
2018-03-04,14014.5
2018-03-05,14014.5
2018-03-06,14014.5
2018-03-07,14014.5
2018-03-08,14014.5
2018-03-09,14014.5
2018-03-10,14014.5
2018-03-11,14014.5
2018-03-12,14014.5
2018-03-13,14014.5
2018-03-14,14014.5
2018-03-15,14014.5
2018-03-16,14014.5
2018-03-17,14014.5
2018-03-18,14014.5
2018-03-19,14014.5
2018-03-20,14014.5
2018-03-21,14014.5
2018-03-22,14014.5
2018-03-23,14014.5
2018-03-24,14014.5
2018-03-25,14014.5
2018-03-26,14014.5
2018-03-27,14014.5
2018-03-28,14014.5
2018-03-29,14014.5
2018-03-30,14014.5
2018-03-31,14014.5
2018-04-01,14034.8
2018-04-02,14034.8
2018-04-03,14034.8
2018-04-04,14034.8
2018-04-05,14034.8
2018-04-06,14034.8
2018-04-07,14034.8
2018-04-08,14034.8
2018-04-09,14034.8
2018-04-10,14034.8
2018-04-11,14034.8
2018-04-12,14034.8
2018-04-13,14034.8
2018-04-14,14034.8
2018-04-15,14034.8
2018-04-16,14034.8
2018-04-17,14034.8
2018-04-18,14034.8
2018-04-19,14034.8
2018-04-20,14034.8
2018-04-21,14034.8
2018-04-22,14034.8
2018-04-23,14034.8
2018-04-24,14034.8
2018-04-25,14034.8
2018-04-26,14034.8
2018-04-27,14034.8
2018-04-28,14034.8
2018-04-29,14034.8
2018-04-30,14034.8
2018-05-01,14091.0
2018-05-02,14091.0
2018-05-03,14091.0
2018-05-04,14091.0
2018-05-05,14091.0
2018-05-06,14091.0
2018-05-07,14091.0
2018-05-08,14091.0
2018-05-09,14091.0
2018-05-10,14091.0
2018-05-11,14091.0
2018-05-12,14091.0
2018-05-13,14091.0
2018-05-14,14091.0
2018-05-15,14091.0
2018-05-16,14091.0
2018-05-17,14091.0
2018-05-18,14091.0
2018-05-19,14091.0
2018-05-20,14091.0
2018-05-21,14091.0
2018-05-22,14091.0
2018-05-23,14091.0
2018-05-24,14091.0
2018-05-25,14091.0
2018-05-26,14091.0
2018-05-27,14091.0
2018-05-28,14091.0
2018-05-29,14091.0
2018-05-30,14091.0
2018-05-31,14091.0
2018-06-01,14133.2
2018-06-02,14133.2
2018-06-03,14133.2
2018-06-04,14133.2
2018-06-05,14133.2
2018-06-06,14133.2
2018-06-07,14133.2
2018-06-08,14133.2
2018-06-09,14133.2
2018-06-10,14133.2
2018-06-11,14133.2
2018-06-12,14133.2
2018-06-13,14133.2
2018-06-14,14133.2
2018-06-15,14133.2
2018-06-16,14133.2
2018-06-17,14133.2
2018-06-18,14133.2
2018-06-19,14133.2
2018-06-20,14133.2
2018-06-21,14133.2
2018-06-22,14133.2
2018-06-23,14133.2
2018-06-24,14133.2
2018-06-25,14133.2
2018-06-26,14133.2
2018-06-27,14133.2
2018-06-28,14133.2
2018-06-29,14133.2
2018-06-30,14133.2
2018-07-01,14170.0
2018-07-02,14170.0
2018-07-03,14170.0
2018-07-04,14170.0
2018-07-05,14170.0
2018-07-06,14170.0
2018-07-07,14170.0
2018-07-08,14170.0
2018-07-09,14170.0
2018-07-10,14170.0
2018-07-11,14170.0
2018-07-12,14170.0
2018-07-13,14170.0
2018-07-14,14170.0
2018-07-15,14170.0
2018-07-16,14170.0
2018-07-17,14170.0
2018-07-18,14170.0
2018-07-19,14170.0
2018-07-20,14170.0
2018-07-21,14170.0
2018-07-22,14170.0
2018-07-23,14170.0
2018-07-24,14170.0
2018-07-25,14170.0
2018-07-26,14170.0
2018-07-27,14170.0
2018-07-28,14170.0
2018-07-29,14170.0
2018-07-30,14170.0
2018-07-31,14170.0
2018-08-01,14221.3
2018-08-02,14221.3
2018-08-03,14221.3
2018-08-04,14221.3
2018-08-05,14221.3
2018-08-06,14221.3
2018-08-07,14221.3
2018-08-08,14221.3
2018-08-09,14221.3
2018-08-10,14221.3
2018-08-11,14221.3
2018-08-12,14221.3
2018-08-13,14221.3
2018-08-14,14221.3
2018-08-15,14221.3
2018-08-16,14221.3
2018-08-17,14221.3
2018-08-18,14221.3
2018-08-19,14221.3
2018-08-20,14221.3
2018-08-21,14221.3
2018-08-22,14221.3
2018-08-23,14221.3
2018-08-24,14221.3
2018-08-25,14221.3
2018-08-26,14221.3
2018-08-27,14221.3
2018-08-28,14221.3
2018-08-29,14221.3
2018-08-30,14221.3
2018-08-31,14221.3
2018-09-01,14243.9
2018-09-02,14243.9
2018-09-03,14243.9
2018-09-04,14243.9
2018-09-05,14243.9
2018-09-06,14243.9
2018-09-07,14243.9
2018-09-08,14243.9
2018-09-09,14243.9
2018-09-10,14243.9
2018-09-11,14243.9
2018-09-12,14243.9
2018-09-13,14243.9
2018-09-14,14243.9
2018-09-15,14243.9
2018-09-16,14243.9
2018-09-17,14243.9
2018-09-18,14243.9
2018-09-19,14243.9
2018-09-20,14243.9
2018-09-21,14243.9
2018-09-22,14243.9
2018-09-23,14243.9
2018-09-24,14243.9
2018-09-25,14243.9
2018-09-26,14243.9
2018-09-27,14243.9
2018-09-28,14243.9
2018-09-29,14243.9
2018-09-30,14243.9
2018-10-01,14257.6
2018-10-02,14257.6
2018-10-03,14257.6
2018-10-04,14257.6
2018-10-05,14257.6
2018-10-06,14257.6
2018-10-07,14257.6
2018-10-08,14257.6
2018-10-09,14257.6
2018-10-10,14257.6
2018-10-11,14257.6
2018-10-12,14257.6
2018-10-13,14257.6
2018-10-14,14257.6
2018-10-15,14257.6
2018-10-16,14257.6
2018-10-17,14257.6
2018-10-18,14257.6
2018-10-19,14257.6
2018-10-20,14257.6
2018-10-21,14257.6
2018-10-22,14257.6
2018-10-23,14257.6
2018-10-24,14257.6
2018-10-25,14257.6
2018-10-26,14257.6
2018-10-27,14257.6
2018-10-28,14257.6
2018-10-29,14257.6
2018-10-30,14257.6
2018-10-31,14257.6
2018-11-01,14288.4
2018-11-02,14288.4
2018-11-03,14288.4
2018-11-04,14288.4
2018-11-05,14288.4
2018-11-06,14288.4
2018-11-07,14288.4
2018-11-08,14288.4
2018-11-09,14288.4
2018-11-10,14288.4
2018-11-11,14288.4
2018-11-12,14288.4
2018-11-13,14288.4
2018-11-14,14288.4
2018-11-15,14288.4
2018-11-16,14288.4
2018-11-17,14288.4
2018-11-18,14288.4
2018-11-19,14288.4
2018-11-20,14288.4
2018-11-21,14288.4
2018-11-22,14288.4
2018-11-23,14288.4
2018-11-24,14288.4
2018-11-25,14288.4
2018-11-26,14288.4
2018-11-27,14288.4
2018-11-28,14288.4
2018-11-29,14288.4
2018-11-30,14288.4
2018-12-01,14392.0
2018-12-02,14392.0
2018-12-03,14392.0
2018-12-04,14392.0
2018-12-05,14392.0
2018-12-06,14392.0
2018-12-07,14392.0
2018-12-08,14392.0
2018-12-09,14392.0
2018-12-10,14392.0
2018-12-11,14392.0
2018-12-12,14392.0
2018-12-13,14392.0
2018-12-14,14392.0
2018-12-15,14392.0
2018-12-16,14392.0
2018-12-17,14392.0
2018-12-18,14392.0
2018-12-19,14392.0
2018-12-20,14392.0
2018-12-21,14392.0
2018-12-22,14392.0
2018-12-23,14392.0
2018-12-24,14392.0
2018-12-25,14392.0
2018-12-26,14392.0
2018-12-27,14392.0
2018-12-28,14392.0
2018-12-29,14392.0
2018-12-30,14392.0
2018-12-31,14392.0
2019-01-01,14460.2
2019-01-02,14460.2
2019-01-03,14460.2
2019-01-04,14460.2
2019-01-05,14460.2
2019-01-06,14460.2
2019-01-07,14460.2
2019-01-08,14460.2
2019-01-09,14460.2
2019-01-10,14460.2
2019-01-11,14460.2
2019-01-12,14460.2
2019-01-13,14460.2
2019-01-14,14460.2
2019-01-15,14460.2
2019-01-16,14460.2
2019-01-17,14460.2
2019-01-18,14460.2
2019-01-19,14460.2
2019-01-20,14460.2
2019-01-21,14460.2
2019-01-22,14460.2
2019-01-23,14460.2
2019-01-24,14460.2
2019-01-25,14460.2
2019-01-26,14460.2
2019-01-27,14460.2
2019-01-28,14460.2
2019-01-29,14460.2
2019-01-30,14460.2
2019-01-31,14460.2
2019-02-01,14506.6
2019-02-02,14506.6
2019-02-03,14506.6
2019-02-04,14506.6
2019-02-05,14506.6
2019-02-06,14506.6
2019-02-07,14506.6
2019-02-08,14506.6
2019-02-09,14506.6
2019-02-10,14506.6
2019-02-11,14506.6
2019-02-12,14506.6
2019-02-13,14506.6
2019-02-14,14506.6
2019-02-15,14506.6
2019-02-16,14506.6
2019-02-17,14506.6
2019-02-18,14506.6
2019-02-19,14506.6
2019-02-20,14506.6
2019-02-21,14506.6
2019-02-22,14506.6
2019-02-23,14506.6
2019-02-24,14506.6
2019-02-25,14506.6
2019-02-26,14506.6
2019-02-27,14506.6
2019-02-28,14506.6
2019-03-01,14559.5
2019-03-02,14559.5
2019-03-03,14559.5
2019-03-04,14559.5
2019-03-05,14559.5
2019-03-06,14559.5
2019-03-07,14559.5
2019-03-08,14559.5
2019-03-09,14559.5
2019-03-10,14559.5
2019-03-11,14559.5
2019-03-12,14559.5
2019-03-13,14559.5
2019-03-14,14559.5
2019-03-15,14559.5
2019-03-16,14559.5
2019-03-17,14559.5
2019-03-18,14559.5
2019-03-19,14559.5
2019-03-20,14559.5
2019-03-21,14559.5
2019-03-22,14559.5
2019-03-23,14559.5
2019-03-24,14559.5
2019-03-25,14559.5
2019-03-26,14559.5
2019-03-27,14559.5
2019-03-28,14559.5
2019-03-29,14559.5
2019-03-30,14559.5
2019-03-31,14559.5
2019-04-01,14594.0
2019-04-02,14594.0
2019-04-03,14594.0
2019-04-04,14594.0
2019-04-05,14594.0
2019-04-06,14594.0
2019-04-07,14594.0
2019-04-08,14594.0
2019-04-09,14594.0
2019-04-10,14594.0
2019-04-11,14594.0
2019-04-12,14594.0
2019-04-13,14594.0
2019-04-14,14594.0
2019-04-15,14594.0
2019-04-16,14594.0
2019-04-17,14594.0
2019-04-18,14594.0
2019-04-19,14594.0
2019-04-20,14594.0
2019-04-21,14594.0
2019-04-22,14594.0
2019-04-23,14594.0
2019-04-24,14594.0
2019-04-25,14594.0
2019-04-26,14594.0
2019-04-27,14594.0
2019-04-28,14594.0
2019-04-29,14594.0
2019-04-30,14594.0
2019-05-01,14703.2
2019-05-02,14703.2
2019-05-03,14703.2
2019-05-04,14703.2
2019-05-05,14703.2
2019-05-06,14703.2
2019-05-07,14703.2
2019-05-08,14703.2
2019-05-09,14703.2
2019-05-10,14703.2
2019-05-11,14703.2
2019-05-12,14703.2
2019-05-13,14703.2
2019-05-14,14703.2
2019-05-15,14703.2
2019-05-16,14703.2
2019-05-17,14703.2
2019-05-18,14703.2
2019-05-19,14703.2
2019-05-20,14703.2
2019-05-21,14703.2
2019-05-22,14703.2
2019-05-23,14703.2
2019-05-24,14703.2
2019-05-25,14703.2
2019-05-26,14703.2
2019-05-27,14703.2
2019-05-28,14703.2
2019-05-29,14703.2
2019-05-30,14703.2
2019-05-31,14703.2
2019-06-01,14798.8
2019-06-02,14798.8
2019-06-03,14798.8
2019-06-04,14798.8
2019-06-05,14798.8
2019-06-06,14798.8
2019-06-07,14798.8
2019-06-08,14798.8
2019-06-09,14798.8
2019-06-10,14798.8
2019-06-11,14798.8
2019-06-12,14798.8
2019-06-13,14798.8
2019-06-14,14798.8
2019-06-15,14798.8
2019-06-16,14798.8
2019-06-17,14798.8
2019-06-18,14798.8
2019-06-19,14798.8
2019-06-20,14798.8
2019-06-21,14798.8
2019-06-22,14798.8
2019-06-23,14798.8
2019-06-24,14798.8
2019-06-25,14798.8
2019-06-26,14798.8
2019-06-27,14798.8
2019-06-28,14798.8
2019-06-29,14798.8
2019-06-30,14798.8
2019-07-01,14882.7
2019-07-02,14882.7
2019-07-03,14882.7
2019-07-04,14882.7
2019-07-05,14882.7
2019-07-06,14882.7
2019-07-07,14882.7
2019-07-08,14882.7
2019-07-09,14882.7
2019-07-10,14882.7
2019-07-11,14882.7
2019-07-12,14882.7
2019-07-13,14882.7
2019-07-14,14882.7
2019-07-15,14882.7
2019-07-16,14882.7
2019-07-17,14882.7
2019-07-18,14882.7
2019-07-19,14882.7
2019-07-20,14882.7
2019-07-21,14882.7
2019-07-22,14882.7
2019-07-23,14882.7
2019-07-24,14882.7
2019-07-25,14882.7
2019-07-26,14882.7
2019-07-27,14882.7
2019-07-28,14882.7
2019-07-29,14882.7
2019-07-30,14882.7
2019-07-31,14882.7
2019-08-01,14974.4
2019-08-02,14974.4
2019-08-03,14974.4
2019-08-04,14974.4
2019-08-05,14974.4
2019-08-06,14974.4
2019-08-07,14974.4
2019-08-08,14974.4
2019-08-09,14974.4
2019-08-10,14974.4
2019-08-11,14974.4
2019-08-12,14974.4
2019-08-13,14974.4
2019-08-14,14974.4
2019-08-15,14974.4
2019-08-16,14974.4
2019-08-17,14974.4
2019-08-18,14974.4
2019-08-19,14974.4
2019-08-20,14974.4
2019-08-21,14974.4
2019-08-22,14974.4
2019-08-23,14974.4
2019-08-24,14974.4
2019-08-25,14974.4
2019-08-26,14974.4
2019-08-27,14974.4
2019-08-28,14974.4
2019-08-29,14974.4
2019-08-30,14974.4
2019-08-31,14974.4
2019-09-01,15047.2
2019-09-02,15047.2
2019-09-03,15047.2
2019-09-04,15047.2
2019-09-05,15047.2
2019-09-06,15047.2
2019-09-07,15047.2
2019-09-08,15047.2
2019-09-09,15047.2
2019-09-10,15047.2
2019-09-11,15047.2
2019-09-12,15047.2
2019-09-13,15047.2
2019-09-14,15047.2
2019-09-15,15047.2
2019-09-16,15047.2
2019-09-17,15047.2
2019-09-18,15047.2
2019-09-19,15047.2
2019-09-20,15047.2
2019-09-21,15047.2
2019-09-22,15047.2
2019-09-23,15047.2
2019-09-24,15047.2
2019-09-25,15047.2
2019-09-26,15047.2
2019-09-27,15047.2
2019-09-28,15047.2
2019-09-29,15047.2
2019-09-30,15047.2
2019-10-01,15185.6
2019-10-02,15185.6
2019-10-03,15185.6
2019-10-04,15185.6
2019-10-05,15185.6
2019-10-06,15185.6
2019-10-07,15185.6
2019-10-08,15185.6
2019-10-09,15185.6
2019-10-10,15185.6
2019-10-11,15185.6
2019-10-12,15185.6
2019-10-13,15185.6
2019-10-14,15185.6
2019-10-15,15185.6
2019-10-16,15185.6
2019-10-17,15185.6
2019-10-18,15185.6
2019-10-19,15185.6
2019-10-20,15185.6
2019-10-21,15185.6
2019-10-22,15185.6
2019-10-23,15185.6
2019-10-24,15185.6
2019-10-25,15185.6
2019-10-26,15185.6
2019-10-27,15185.6
2019-10-28,15185.6
2019-10-29,15185.6
2019-10-30,15185.6
2019-10-31,15185.6
2019-11-01,15301.3
2019-11-02,15301.3
2019-11-03,15301.3
2019-11-04,15301.3
2019-11-05,15301.3
2019-11-06,15301.3
2019-11-07,15301.3
2019-11-08,15301.3
2019-11-09,15301.3
2019-11-10,15301.3
2019-11-11,15301.3
2019-11-12,15301.3
2019-11-13,15301.3
2019-11-14,15301.3
2019-11-15,15301.3
2019-11-16,15301.3
2019-11-17,15301.3
2019-11-18,15301.3
2019-11-19,15301.3
2019-11-20,15301.3
2019-11-21,15301.3
2019-11-22,15301.3
2019-11-23,15301.3
2019-11-24,15301.3
2019-11-25,15301.3
2019-11-26,15301.3
2019-11-27,15301.3
2019-11-28,15301.3
2019-11-29,15301.3
2019-11-30,15301.3
2019-12-01,15351.5
2019-12-02,15351.5
2019-12-03,15351.5
2019-12-04,15351.5
2019-12-05,15351.5
2019-12-06,15351.5
2019-12-07,15351.5
2019-12-08,15351.5
2019-12-09,15351.5
2019-12-10,15351.5
2019-12-11,15351.5
2019-12-12,15351.5
2019-12-13,15351.5
2019-12-14,15351.5
2019-12-15,15351.5
2019-12-16,15351.5
2019-12-17,15351.5
2019-12-18,15351.5
2019-12-19,15351.5
2019-12-20,15351.5
2019-12-21,15351.5
2019-12-22,15351.5
2019-12-23,15351.5
2019-12-24,15351.5
2019-12-25,15351.5
2019-12-26,15351.5
2019-12-27,15351.5
2019-12-28,15351.5
2019-12-29,15351.5
2019-12-30,15351.5
2019-12-31,15351.5
2020-01-01,15425.0
2020-01-02,15425.0
2020-01-03,15425.0
2020-01-04,15425.0
2020-01-05,15425.0
2020-01-06,15425.0
2020-01-07,15425.0
2020-01-08,15425.0
2020-01-09,15425.0
2020-01-10,15425.0
2020-01-11,15425.0
2020-01-12,15425.0
2020-01-13,15425.0
2020-01-14,15425.0
2020-01-15,15425.0
2020-01-16,15425.0
2020-01-17,15425.0
2020-01-18,15425.0
2020-01-19,15425.0
2020-01-20,15425.0
2020-01-21,15425.0
2020-01-22,15425.0
2020-01-23,15425.0
2020-01-24,15425.0
2020-01-25,15425.0
2020-01-26,15425.0
2020-01-27,15425.0
2020-01-28,15425.0
2020-01-29,15425.0
2020-01-30,15425.0
2020-01-31,15425.0
2020-02-01,15492.8
2020-02-02,15492.8
2020-02-03,15492.8
2020-02-04,15492.8
2020-02-05,15492.8
2020-02-06,15492.8
2020-02-07,15492.8
2020-02-08,15492.8
2020-02-09,15492.8
2020-02-10,15492.8
2020-02-11,15492.8
2020-02-12,15492.8
2020-02-13,15492.8
2020-02-14,15492.8
2020-02-15,15492.8
2020-02-16,15492.8
2020-02-17,15492.8
2020-02-18,15492.8
2020-02-19,15492.8
2020-02-20,15492.8
2020-02-21,15492.8
2020-02-22,15492.8
2020-02-23,15492.8
2020-02-24,15492.8
2020-02-25,15492.8
2020-02-26,15492.8
2020-02-27,15492.8
2020-02-28,15492.8
2020-02-29,15492.8
2020-03-01,16034.4
2020-03-02,16034.4
2020-03-03,16034.4
2020-03-04,16034.4
2020-03-05,16034.4
2020-03-06,16034.4
2020-03-07,16034.4
2020-03-08,16034.4
2020-03-09,16034.4
2020-03-10,16034.4
2020-03-11,16034.4
2020-03-12,16034.4
2020-03-13,16034.4
2020-03-14,16034.4
2020-03-15,16034.4
2020-03-16,16034.4
2020-03-17,16034.4
2020-03-18,16034.4
2020-03-19,16034.4
2020-03-20,16034.4
2020-03-21,16034.4
2020-03-22,16034.4
2020-03-23,16034.4
2020-03-24,16034.4
2020-03-25,16034.4
2020-03-26,16034.4
2020-03-27,16034.4
2020-03-28,16034.4
2020-03-29,16034.4
2020-03-30,16034.4
2020-03-31,16034.4
2020-04-01,17064.0
2020-04-02,17064.0
2020-04-03,17064.0
2020-04-04,17064.0
2020-04-05,17064.0
2020-04-06,17064.0
2020-04-07,17064.0
2020-04-08,17064.0
2020-04-09,17064.0
2020-04-10,17064.0
2020-04-11,17064.0
2020-04-12,17064.0
2020-04-13,17064.0
2020-04-14,17064.0
2020-04-15,17064.0
2020-04-16,17064.0
2020-04-17,17064.0
2020-04-18,17064.0
2020-04-19,17064.0
2020-04-20,17064.0
2020-04-21,17064.0
2020-04-22,17064.0
2020-04-23,17064.0
2020-04-24,17064.0
2020-04-25,17064.0
2020-04-26,17064.0
2020-04-27,17064.0
2020-04-28,17064.0
2020-04-29,17064.0
2020-04-30,17064.0
2020-05-01,17931.9
2020-05-02,17931.9
2020-05-03,17931.9
2020-05-04,17931.9
2020-05-05,17931.9
2020-05-06,17931.9
2020-05-07,17931.9
2020-05-08,17931.9
2020-05-09,17931.9
2020-05-10,17931.9
2020-05-11,17931.9
2020-05-12,17931.9
2020-05-13,17931.9
2020-05-14,17931.9
2020-05-15,17931.9
2020-05-16,17931.9
2020-05-17,17931.9
2020-05-18,17931.9
2020-05-19,17931.9
2020-05-20,17931.9
2020-05-21,17931.9
2020-05-22,17931.9
2020-05-23,17931.9
2020-05-24,17931.9
2020-05-25,17931.9
2020-05-26,17931.9
2020-05-27,17931.9
2020-05-28,17931.9
2020-05-29,17931.9
2020-05-30,17931.9
2020-05-31,17931.9
2020-06-01,18180.0
2020-06-02,18180.0
2020-06-03,18180.0
2020-06-04,18180.0
2020-06-05,18180.0
2020-06-06,18180.0
2020-06-07,18180.0
2020-06-08,18180.0
2020-06-09,18180.0
2020-06-10,18180.0
2020-06-11,18180.0
2020-06-12,18180.0
2020-06-13,18180.0
2020-06-14,18180.0
2020-06-15,18180.0
2020-06-16,18180.0
2020-06-17,18180.0
2020-06-18,18180.0
2020-06-19,18180.0
2020-06-20,18180.0
2020-06-21,18180.0
2020-06-22,18180.0
2020-06-23,18180.0
2020-06-24,18180.0
2020-06-25,18180.0
2020-06-26,18180.0
2020-06-27,18180.0
2020-06-28,18180.0
2020-06-29,18180.0
2020-06-30,18180.0
2020-07-01,18331.4
2020-07-02,18331.4
2020-07-03,18331.4
2020-07-04,18331.4
2020-07-05,18331.4
2020-07-06,18331.4
2020-07-07,18331.4
2020-07-08,18331.4
2020-07-09,18331.4
2020-07-10,18331.4
2020-07-11,18331.4
2020-07-12,18331.4
2020-07-13,18331.4
2020-07-14,18331.4
2020-07-15,18331.4
2020-07-16,18331.4
2020-07-17,18331.4
2020-07-18,18331.4
2020-07-19,18331.4
2020-07-20,18331.4
2020-07-21,18331.4
2020-07-22,18331.4
2020-07-23,18331.4
2020-07-24,18331.4
2020-07-25,18331.4
2020-07-26,18331.4
2020-07-27,18331.4
2020-07-28,18331.4
2020-07-29,18331.4
2020-07-30,18331.4
2020-07-31,18331.4
2020-08-01,18413.3
2020-08-02,18413.3
2020-08-03,18413.3
2020-08-04,18413.3
2020-08-05,18413.3
2020-08-06,18413.3
2020-08-07,18413.3
2020-08-08,18413.3
2020-08-09,18413.3
2020-08-10,18413.3
2020-08-11,18413.3
2020-08-12,18413.3
2020-08-13,18413.3
2020-08-14,18413.3
2020-08-15,18413.3
2020-08-16,18413.3
2020-08-17,18413.3
2020-08-18,18413.3
2020-08-19,18413.3
2020-08-20,18413.3
2020-08-21,18413.3
2020-08-22,18413.3
2020-08-23,18413.3
2020-08-24,18413.3
2020-08-25,18413.3
2020-08-26,18413.3
2020-08-27,18413.3
2020-08-28,18413.3
2020-08-29,18413.3
2020-08-30,18413.3
2020-08-31,18413.3
2020-09-01,18605.0
2020-09-02,18605.0
2020-09-03,18605.0
2020-09-04,18605.0
2020-09-05,18605.0
2020-09-06,18605.0
2020-09-07,18605.0
2020-09-08,18605.0
2020-09-09,18605.0
2020-09-10,18605.0
2020-09-11,18605.0
2020-09-12,18605.0
2020-09-13,18605.0
2020-09-14,18605.0
2020-09-15,18605.0
2020-09-16,18605.0
2020-09-17,18605.0
2020-09-18,18605.0
2020-09-19,18605.0
2020-09-20,18605.0
2020-09-21,18605.0
2020-09-22,18605.0
2020-09-23,18605.0
2020-09-24,18605.0
2020-09-25,18605.0
2020-09-26,18605.0
2020-09-27,18605.0
2020-09-28,18605.0
2020-09-29,18605.0
2020-09-30,18605.0
2020-10-01,18759.9
2020-10-02,18759.9
2020-10-03,18759.9
2020-10-04,18759.9
2020-10-05,18759.9
2020-10-06,18759.9
2020-10-07,18759.9
2020-10-08,18759.9
2020-10-09,18759.9
2020-10-10,18759.9
2020-10-11,18759.9
2020-10-12,18759.9
2020-10-13,18759.9
2020-10-14,18759.9
2020-10-15,18759.9
2020-10-16,18759.9
2020-10-17,18759.9
2020-10-18,18759.9
2020-10-19,18759.9
2020-10-20,18759.9
2020-10-21,18759.9
2020-10-22,18759.9
2020-10-23,18759.9
2020-10-24,18759.9
2020-10-25,18759.9
2020-10-26,18759.9
2020-10-27,18759.9
2020-10-28,18759.9
2020-10-29,18759.9
2020-10-30,18759.9
2020-10-31,18759.9
2020-11-01,19002.4
2020-11-02,19002.4
2020-11-03,19002.4
2020-11-04,19002.4
2020-11-05,19002.4
2020-11-06,19002.4
2020-11-07,19002.4
2020-11-08,19002.4
2020-11-09,19002.4
2020-11-10,19002.4
2020-11-11,19002.4
2020-11-12,19002.4
2020-11-13,19002.4
2020-11-14,19002.4
2020-11-15,19002.4
2020-11-16,19002.4
2020-11-17,19002.4
2020-11-18,19002.4
2020-11-19,19002.4
2020-11-20,19002.4
2020-11-21,19002.4
2020-11-22,19002.4
2020-11-23,19002.4
2020-11-24,19002.4
2020-11-25,19002.4
2020-11-26,19002.4
2020-11-27,19002.4
2020-11-28,19002.4
2020-11-29,19002.4
2020-11-30,19002.4
2020-12-01,19119.4
2020-12-02,19119.4
2020-12-03,19119.4
2020-12-04,19119.4
2020-12-05,19119.4
2020-12-06,19119.4
2020-12-07,19119.4
2020-12-08,19119.4
2020-12-09,19119.4
2020-12-10,19119.4
2020-12-11,19119.4
2020-12-12,19119.4
2020-12-13,19119.4
2020-12-14,19119.4
2020-12-15,19119.4
2020-12-16,19119.4
2020-12-17,19119.4
2020-12-18,19119.4
2020-12-19,19119.4
2020-12-20,19119.4
2020-12-21,19119.4
2020-12-22,19119.4
2020-12-23,19119.4
2020-12-24,19119.4
2020-12-25,19119.4
2020-12-26,19119.4
2020-12-27,19119.4
2020-12-28,19119.4
2020-12-29,19119.4
2020-12-30,19119.4
2020-12-31,19119.4
2021-01-01,19375.3
2021-01-02,19375.3
2021-01-03,19375.3
2021-01-04,19375.3
2021-01-05,19375.3
2021-01-06,19375.3
2021-01-07,19375.3
2021-01-08,19375.3
2021-01-09,19375.3
2021-01-10,19375.3
2021-01-11,19375.3
2021-01-12,19375.3
2021-01-13,19375.3
2021-01-14,19375.3
2021-01-15,19375.3
2021-01-16,19375.3
2021-01-17,19375.3
2021-01-18,19375.3
2021-01-19,19375.3
2021-01-20,19375.3
2021-01-21,19375.3
2021-01-22,19375.3
2021-01-23,19375.3
2021-01-24,19375.3
2021-01-25,19375.3
2021-01-26,19375.3
2021-01-27,19375.3
2021-01-28,19375.3
2021-01-29,19375.3
2021-01-30,19375.3
2021-01-31,19375.3
2021-02-01,19641.4
2021-02-02,19641.4
2021-02-03,19641.4
2021-02-04,19641.4
2021-02-05,19641.4
2021-02-06,19641.4
2021-02-07,19641.4
2021-02-08,19641.4
2021-02-09,19641.4
2021-02-10,19641.4
2021-02-11,19641.4
2021-02-12,19641.4
2021-02-13,19641.4
2021-02-14,19641.4
2021-02-15,19641.4
2021-02-16,19641.4
2021-02-17,19641.4
2021-02-18,19641.4
2021-02-19,19641.4
2021-02-20,19641.4
2021-02-21,19641.4
2021-02-22,19641.4
2021-02-23,19641.4
2021-02-24,19641.4
2021-02-25,19641.4
2021-02-26,19641.4
2021-02-27,19641.4
2021-02-28,19641.4
2021-03-01,19874.5
2021-03-02,19874.5
2021-03-03,19874.5
2021-03-04,19874.5
2021-03-05,19874.5
2021-03-06,19874.5
2021-03-07,19874.5
2021-03-08,19874.5
2021-03-09,19874.5
2021-03-10,19874.5
2021-03-11,19874.5
2021-03-12,19874.5
2021-03-13,19874.5
2021-03-14,19874.5
2021-03-15,19874.5
2021-03-16,19874.5
2021-03-17,19874.5
2021-03-18,19874.5
2021-03-19,19874.5
2021-03-20,19874.5
2021-03-21,19874.5
2021-03-22,19874.5
2021-03-23,19874.5
2021-03-24,19874.5
2021-03-25,19874.5
2021-03-26,19874.5
2021-03-27,19874.5
2021-03-28,19874.5
2021-03-29,19874.5
2021-03-30,19874.5
2021-03-31,19874.5
2021-04-01,20174.1
2021-04-02,20174.1
2021-04-03,20174.1
2021-04-04,20174.1
2021-04-05,20174.1
2021-04-06,20174.1
2021-04-07,20174.1
2021-04-08,20174.1
2021-04-09,20174.1
2021-04-10,20174.1
2021-04-11,20174.1
2021-04-12,20174.1
2021-04-13,20174.1
2021-04-14,20174.1
2021-04-15,20174.1
2021-04-16,20174.1
2021-04-17,20174.1
2021-04-18,20174.1
2021-04-19,20174.1
2021-04-20,20174.1
2021-04-21,20174.1
2021-04-22,20174.1
2021-04-23,20174.1
2021-04-24,20174.1
2021-04-25,20174.1
2021-04-26,20174.1
2021-04-27,20174.1
2021-04-28,20174.1
2021-04-29,20174.1
2021-04-30,20174.1
2021-05-01,20457.2
2021-05-02,20457.2
2021-05-03,20457.2
2021-05-04,20457.2
2021-05-05,20457.2
2021-05-06,20457.2
2021-05-07,20457.2
2021-05-08,20457.2
2021-05-09,20457.2
2021-05-10,20457.2
2021-05-11,20457.2
2021-05-12,20457.2
2021-05-13,20457.2
2021-05-14,20457.2
2021-05-15,20457.2
2021-05-16,20457.2
2021-05-17,20457.2
2021-05-18,20457.2
2021-05-19,20457.2
2021-05-20,20457.2
2021-05-21,20457.2
2021-05-22,20457.2
2021-05-23,20457.2
2021-05-24,20457.2
2021-05-25,20457.2
2021-05-26,20457.2
2021-05-27,20457.2
2021-05-28,20457.2
2021-05-29,20457.2
2021-05-30,20457.2
2021-05-31,20457.2
2021-06-01,20472.1
2021-06-02,20472.1
2021-06-03,20472.1
2021-06-04,20472.1
2021-06-05,20472.1
2021-06-06,20472.1
2021-06-07,20472.1
2021-06-08,20472.1
2021-06-09,20472.1
2021-06-10,20472.1
2021-06-11,20472.1
2021-06-12,20472.1
2021-06-13,20472.1
2021-06-14,20472.1
2021-06-15,20472.1
2021-06-16,20472.1
2021-06-17,20472.1
2021-06-18,20472.1
2021-06-19,20472.1
2021-06-20,20472.1
2021-06-21,20472.1
2021-06-22,20472.1
2021-06-23,20472.1
2021-06-24,20472.1
2021-06-25,20472.1
2021-06-26,20472.1
2021-06-27,20472.1
2021-06-28,20472.1
2021-06-29,20472.1
2021-06-30,20472.1
2021-07-01,20629.1
2021-07-02,20629.1
2021-07-03,20629.1
2021-07-04,20629.1
2021-07-05,20629.1
2021-07-06,20629.1
2021-07-07,20629.1
2021-07-08,20629.1
2021-07-09,20629.1
2021-07-10,20629.1
2021-07-11,20629.1
2021-07-12,20629.1
2021-07-13,20629.1
2021-07-14,20629.1
2021-07-15,20629.1
2021-07-16,20629.1
2021-07-17,20629.1
2021-07-18,20629.1
2021-07-19,20629.1
2021-07-20,20629.1
2021-07-21,20629.1
2021-07-22,20629.1
2021-07-23,20629.1
2021-07-24,20629.1
2021-07-25,20629.1
2021-07-26,20629.1
2021-07-27,20629.1
2021-07-28,20629.1
2021-07-29,20629.1
2021-07-30,20629.1
2021-07-31,20629.1
2021-08-01,20843.2
2021-08-02,20843.2
2021-08-03,20843.2
2021-08-04,20843.2
2021-08-05,20843.2
2021-08-06,20843.2
2021-08-07,20843.2
2021-08-08,20843.2
2021-08-09,20843.2
2021-08-10,20843.2
2021-08-11,20843.2
2021-08-12,20843.2
2021-08-13,20843.2
2021-08-14,20843.2
2021-08-15,20843.2
2021-08-16,20843.2
2021-08-17,20843.2
2021-08-18,20843.2
2021-08-19,20843.2
2021-08-20,20843.2
2021-08-21,20843.2
2021-08-22,20843.2
2021-08-23,20843.2
2021-08-24,20843.2
2021-08-25,20843.2
2021-08-26,20843.2
2021-08-27,20843.2
2021-08-28,20843.2
2021-08-29,20843.2
2021-08-30,20843.2
2021-08-31,20843.2
2021-09-01,20984.5
2021-09-02,20984.5
2021-09-03,20984.5
2021-09-04,20984.5
2021-09-05,20984.5
2021-09-06,20984.5
2021-09-07,20984.5
2021-09-08,20984.5
2021-09-09,20984.5
2021-09-10,20984.5
2021-09-11,20984.5
2021-09-12,20984.5
2021-09-13,20984.5
2021-09-14,20984.5
2021-09-15,20984.5
2021-09-16,20984.5
2021-09-17,20984.5
2021-09-18,20984.5
2021-09-19,20984.5
2021-09-20,20984.5
2021-09-21,20984.5
2021-09-22,20984.5
2021-09-23,20984.5
2021-09-24,20984.5
2021-09-25,20984.5
2021-09-26,20984.5
2021-09-27,20984.5
2021-09-28,20984.5
2021-09-29,20984.5
2021-09-30,20984.5
2021-10-01,21163.3
2021-10-02,21163.3
2021-10-03,21163.3
2021-10-04,21163.3
2021-10-05,21163.3
2021-10-06,21163.3
2021-10-07,21163.3
2021-10-08,21163.3
2021-10-09,21163.3
2021-10-10,21163.3
2021-10-11,21163.3
2021-10-12,21163.3
2021-10-13,21163.3
2021-10-14,21163.3
2021-10-15,21163.3
2021-10-16,21163.3
2021-10-17,21163.3
2021-10-18,21163.3
2021-10-19,21163.3
2021-10-20,21163.3
2021-10-21,21163.3
2021-10-22,21163.3
2021-10-23,21163.3
2021-10-24,21163.3
2021-10-25,21163.3
2021-10-26,21163.3
2021-10-27,21163.3
2021-10-28,21163.3
2021-10-29,21163.3
2021-10-30,21163.3
2021-10-31,21163.3
2021-11-01,21340.1
2021-11-02,21340.1
2021-11-03,21340.1
2021-11-04,21340.1
2021-11-05,21340.1
2021-11-06,21340.1
2021-11-07,21340.1
2021-11-08,21340.1
2021-11-09,21340.1
2021-11-10,21340.1
2021-11-11,21340.1
2021-11-12,21340.1
2021-11-13,21340.1
2021-11-14,21340.1
2021-11-15,21340.1
2021-11-16,21340.1
2021-11-17,21340.1
2021-11-18,21340.1
2021-11-19,21340.1
2021-11-20,21340.1
2021-11-21,21340.1
2021-11-22,21340.1
2021-11-23,21340.1
2021-11-24,21340.1
2021-11-25,21340.1
2021-11-26,21340.1
2021-11-27,21340.1
2021-11-28,21340.1
2021-11-29,21340.1
2021-11-30,21340.1
2021-12-01,21502.0
2021-12-02,21502.0
2021-12-03,21502.0
2021-12-04,21502.0
2021-12-05,21502.0
2021-12-06,21502.0
2021-12-07,21502.0
2021-12-08,21502.0
2021-12-09,21502.0
2021-12-10,21502.0
2021-12-11,21502.0
2021-12-12,21502.0
2021-12-13,21502.0
2021-12-14,21502.0
2021-12-15,21502.0
2021-12-16,21502.0
2021-12-17,21502.0
2021-12-18,21502.0
2021-12-19,21502.0
2021-12-20,21502.0
2021-12-21,21502.0
2021-12-22,21502.0
2021-12-23,21502.0
2021-12-24,21502.0
2021-12-25,21502.0
2021-12-26,21502.0
2021-12-27,21502.0
2021-12-28,21502.0
2021-12-29,21502.0
2021-12-30,21502.0
2021-12-31,21502.0
2022-01-01,21646.4
2022-01-02,21646.4
2022-01-03,21646.4
2022-01-04,21646.4
2022-01-05,21646.4
2022-01-06,21646.4
2022-01-07,21646.4
2022-01-08,21646.4
2022-01-09,21646.4
2022-01-10,21646.4
2022-01-11,21646.4
2022-01-12,21646.4
2022-01-13,21646.4
2022-01-14,21646.4
2022-01-15,21646.4
2022-01-16,21646.4
2022-01-17,21646.4
2022-01-18,21646.4
2022-01-19,21646.4
2022-01-20,21646.4
2022-01-21,21646.4
2022-01-22,21646.4
2022-01-23,21646.4
2022-01-24,21646.4
2022-01-25,21646.4
2022-01-26,21646.4
2022-01-27,21646.4
2022-01-28,21646.4
2022-01-29,21646.4
2022-01-30,21646.4
2022-01-31,21646.4
2022-02-01,21724.7
2022-02-02,21724.7
2022-02-03,21724.7
2022-02-04,21724.7
2022-02-05,21724.7
2022-02-06,21724.7
2022-02-07,21724.7
2022-02-08,21724.7
2022-02-09,21724.7
2022-02-10,21724.7
2022-02-11,21724.7
2022-02-12,21724.7
2022-02-13,21724.7
2022-02-14,21724.7
2022-02-15,21724.7
2022-02-16,21724.7
2022-02-17,21724.7
2022-02-18,21724.7
2022-02-19,21724.7
2022-02-20,21724.7
2022-02-21,21724.7
2022-02-22,21724.7
2022-02-23,21724.7
2022-02-24,21724.7
2022-02-25,21724.7
2022-02-26,21724.7
2022-02-27,21724.7
2022-02-28,21724.7
2022-03-01,21787.2
2022-03-02,21787.2
2022-03-03,21787.2
2022-03-04,21787.2
2022-03-05,21787.2
2022-03-06,21787.2
2022-03-07,21787.2
2022-03-08,21787.2
2022-03-09,21787.2
2022-03-10,21787.2
2022-03-11,21787.2
2022-03-12,21787.2
2022-03-13,21787.2
2022-03-14,21787.2
2022-03-15,21787.2
2022-03-16,21787.2
2022-03-17,21787.2
2022-03-18,21787.2
2022-03-19,21787.2
2022-03-20,21787.2
2022-03-21,21787.2
2022-03-22,21787.2
2022-03-23,21787.2
2022-03-24,21787.2
2022-03-25,21787.2
2022-03-26,21787.2
2022-03-27,21787.2
2022-03-28,21787.2
2022-03-29,21787.2
2022-03-30,21787.2
2022-03-31,21787.2
2022-04-01,21767.6
2022-04-02,21767.6
2022-04-03,21767.6
2022-04-04,21767.6
2022-04-05,21767.6
2022-04-06,21767.6
2022-04-07,21767.6
2022-04-08,21767.6
2022-04-09,21767.6
2022-04-10,21767.6
2022-04-11,21767.6
2022-04-12,21767.6
2022-04-13,21767.6
2022-04-14,21767.6
2022-04-15,21767.6
2022-04-16,21767.6
2022-04-17,21767.6
2022-04-18,21767.6
2022-04-19,21767.6
2022-04-20,21767.6
2022-04-21,21767.6
2022-04-22,21767.6
2022-04-23,21767.6
2022-04-24,21767.6
2022-04-25,21767.6
2022-04-26,21767.6
2022-04-27,21767.6
2022-04-28,21767.6
2022-04-29,21767.6
2022-04-30,21767.6
2022-05-01,21717.4
2022-05-02,21717.4
2022-05-03,21717.4
2022-05-04,21717.4
2022-05-05,21717.4
2022-05-06,21717.4
2022-05-07,21717.4
2022-05-08,21717.4
2022-05-09,21717.4
2022-05-10,21717.4
2022-05-11,21717.4
2022-05-12,21717.4
2022-05-13,21717.4
2022-05-14,21717.4
2022-05-15,21717.4
2022-05-16,21717.4
2022-05-17,21717.4
2022-05-18,21717.4
2022-05-19,21717.4
2022-05-20,21717.4
2022-05-21,21717.4
2022-05-22,21717.4
2022-05-23,21717.4
2022-05-24,21717.4
2022-05-25,21717.4
2022-05-26,21717.4
2022-05-27,21717.4
2022-05-28,21717.4
2022-05-29,21717.4
2022-05-30,21717.4
2022-05-31,21717.4
2022-06-01,21646.7
2022-06-02,21646.7
2022-06-03,21646.7
2022-06-04,21646.7
2022-06-05,21646.7
2022-06-06,21646.7
2022-06-07,21646.7
2022-06-08,21646.7
2022-06-09,21646.7
2022-06-10,21646.7
2022-06-11,21646.7
2022-06-12,21646.7
2022-06-13,21646.7
2022-06-14,21646.7
2022-06-15,21646.7
2022-06-16,21646.7
2022-06-17,21646.7
2022-06-18,21646.7
2022-06-19,21646.7
2022-06-20,21646.7
2022-06-21,21646.7
2022-06-22,21646.7
2022-06-23,21646.7
2022-06-24,21646.7
2022-06-25,21646.7
2022-06-26,21646.7
2022-06-27,21646.7
2022-06-28,21646.7
2022-06-29,21646.7
2022-06-30,21646.7
2022-07-01,21649.2
2022-07-02,21649.2
2022-07-03,21649.2
2022-07-04,21649.2
2022-07-05,21649.2
2022-07-06,21649.2
2022-07-07,21649.2
2022-07-08,21649.2
2022-07-09,21649.2
2022-07-10,21649.2
2022-07-11,21649.2
2022-07-12,21649.2
2022-07-13,21649.2
2022-07-14,21649.2
2022-07-15,21649.2
2022-07-16,21649.2
2022-07-17,21649.2
2022-07-18,21649.2
2022-07-19,21649.2
2022-07-20,21649.2
2022-07-21,21649.2
2022-07-22,21649.2
2022-07-23,21649.2
2022-07-24,21649.2
2022-07-25,21649.2
2022-07-26,21649.2
2022-07-27,21649.2
2022-07-28,21649.2
2022-07-29,21649.2
2022-07-30,21649.2
2022-07-31,21649.2
2022-08-01,21641.9
2022-08-02,21641.9
2022-08-03,21641.9
2022-08-04,21641.9
2022-08-05,21641.9
2022-08-06,21641.9
2022-08-07,21641.9
2022-08-08,21641.9
2022-08-09,21641.9
2022-08-10,21641.9
2022-08-11,21641.9
2022-08-12,21641.9
2022-08-13,21641.9
2022-08-14,21641.9
2022-08-15,21641.9
2022-08-16,21641.9
2022-08-17,21641.9
2022-08-18,21641.9
2022-08-19,21641.9
2022-08-20,21641.9
2022-08-21,21641.9
2022-08-22,21641.9
2022-08-23,21641.9
2022-08-24,21641.9
2022-08-25,21641.9
2022-08-26,21641.9
2022-08-27,21641.9
2022-08-28,21641.9
2022-08-29,21641.9
2022-08-30,21641.9
2022-08-31,21641.9
2022-09-01,21541.3
2022-09-02,21541.3
2022-09-03,21541.3
2022-09-04,21541.3
2022-09-05,21541.3
2022-09-06,21541.3
2022-09-07,21541.3
2022-09-08,21541.3
2022-09-09,21541.3
2022-09-10,21541.3
2022-09-11,21541.3
2022-09-12,21541.3
2022-09-13,21541.3
2022-09-14,21541.3
2022-09-15,21541.3
2022-09-16,21541.3
2022-09-17,21541.3
2022-09-18,21541.3
2022-09-19,21541.3
2022-09-20,21541.3
2022-09-21,21541.3
2022-09-22,21541.3
2022-09-23,21541.3
2022-09-24,21541.3
2022-09-25,21541.3
2022-09-26,21541.3
2022-09-27,21541.3
2022-09-28,21541.3
2022-09-29,21541.3
2022-09-30,21541.3
2022-10-01,21464.1
2022-10-02,21464.1
2022-10-03,21464.1
2022-10-04,21464.1
2022-10-05,21464.1
2022-10-06,21464.1
2022-10-07,21464.1
2022-10-08,21464.1
2022-10-09,21464.1
2022-10-10,21464.1
2022-10-11,21464.1
2022-10-12,21464.1
2022-10-13,21464.1
2022-10-14,21464.1
2022-10-15,21464.1
2022-10-16,21464.1
2022-10-17,21464.1
2022-10-18,21464.1
2022-10-19,21464.1
2022-10-20,21464.1
2022-10-21,21464.1
2022-10-22,21464.1
2022-10-23,21464.1
2022-10-24,21464.1
2022-10-25,21464.1
2022-10-26,21464.1
2022-10-27,21464.1
2022-10-28,21464.1
2022-10-29,21464.1
2022-10-30,21464.1
2022-10-31,21464.1
2022-11-01,21409.4
2022-11-02,21409.4
2022-11-03,21409.4
2022-11-04,21409.4
2022-11-05,21409.4
2022-11-06,21409.4
2022-11-07,21409.4
2022-11-08,21409.4
2022-11-09,21409.4
2022-11-10,21409.4
2022-11-11,21409.4
2022-11-12,21409.4
2022-11-13,21409.4
2022-11-14,21409.4
2022-11-15,21409.4
2022-11-16,21409.4
2022-11-17,21409.4
2022-11-18,21409.4
2022-11-19,21409.4
2022-11-20,21409.4
2022-11-21,21409.4
2022-11-22,21409.4
2022-11-23,21409.4
2022-11-24,21409.4
2022-11-25,21409.4
2022-11-26,21409.4
2022-11-27,21409.4
2022-11-28,21409.4
2022-11-29,21409.4
2022-11-30,21409.4
2022-12-01,21293.1
2022-12-02,21293.1
2022-12-03,21293.1
2022-12-04,21293.1
2022-12-05,21293.1
2022-12-06,21293.1
2022-12-07,21293.1
2022-12-08,21293.1
2022-12-09,21293.1
2022-12-10,21293.1
2022-12-11,21293.1
2022-12-12,21293.1
2022-12-13,21293.1
2022-12-14,21293.1
2022-12-15,21293.1
2022-12-16,21293.1
2022-12-17,21293.1
2022-12-18,21293.1
2022-12-19,21293.1
2022-12-20,21293.1
2022-12-21,21293.1
2022-12-22,21293.1
2022-12-23,21293.1
2022-12-24,21293.1
2022-12-25,21293.1
2022-12-26,21293.1
2022-12-27,21293.1
2022-12-28,21293.1
2022-12-29,21293.1
2022-12-30,21293.1
2022-12-31,21293.1
2023-01-01,21274.0
2023-01-02,21274.0
2023-01-03,21274.0
2023-01-04,21274.0
2023-01-05,21274.0
2023-01-06,21274.0
2023-01-07,21274.0
2023-01-08,21274.0
2023-01-09,21274.0
2023-01-10,21274.0
2023-01-11,21274.0
2023-01-12,21274.0
2023-01-13,21274.0
2023-01-14,21274.0
2023-01-15,21274.0
2023-01-16,21274.0
2023-01-17,21274.0
2023-01-18,21274.0
2023-01-19,21274.0
2023-01-20,21274.0
2023-01-21,21274.0
2023-01-22,21274.0
2023-01-23,21274.0
2023-01-24,21274.0
2023-01-25,21274.0
2023-01-26,21274.0
2023-01-27,21274.0
2023-01-28,21274.0
2023-01-29,21274.0
2023-01-30,21274.0
2023-01-31,21274.0
2023-02-01,21240.2
2023-02-02,21240.2
2023-02-03,21240.2
2023-02-04,21240.2
2023-02-05,21240.2
2023-02-06,21240.2
2023-02-07,21240.2
2023-02-08,21240.2
2023-02-09,21240.2
2023-02-10,21240.2
2023-02-11,21240.2
2023-02-12,21240.2
2023-02-13,21240.2
2023-02-14,21240.2
2023-02-15,21240.2
2023-02-16,21240.2
2023-02-17,21240.2
2023-02-18,21240.2
2023-02-19,21240.2
2023-02-20,21240.2
2023-02-21,21240.2
2023-02-22,21240.2
2023-02-23,21240.2
2023-02-24,21240.2
2023-02-25,21240.2
2023-02-26,21240.2
2023-02-27,21240.2
2023-02-28,21240.2
2023-03-01,20942.3
2023-03-02,20942.3
2023-03-03,20942.3
2023-03-04,20942.3
2023-03-05,20942.3
2023-03-06,20942.3
2023-03-07,20942.3
2023-03-08,20942.3
2023-03-09,20942.3
2023-03-10,20942.3
2023-03-11,20942.3
2023-03-12,20942.3
2023-03-13,20942.3
2023-03-14,20942.3
2023-03-15,20942.3
2023-03-16,20942.3
2023-03-17,20942.3
2023-03-18,20942.3
2023-03-19,20942.3
2023-03-20,20942.3
2023-03-21,20942.3
2023-03-22,20942.3
2023-03-23,20942.3
2023-03-24,20942.3
2023-03-25,20942.3
2023-03-26,20942.3
2023-03-27,20942.3
2023-03-28,20942.3
2023-03-29,20942.3
2023-03-30,20942.3
2023-03-31,20942.3
2023-04-01,20758.3
2023-04-02,20758.3
2023-04-03,20758.3
2023-04-04,20758.3
2023-04-05,20758.3
2023-04-06,20758.3
2023-04-07,20758.3
2023-04-08,20758.3
2023-04-09,20758.3
2023-04-10,20758.3
2023-04-11,20758.3
2023-04-12,20758.3
2023-04-13,20758.3
2023-04-14,20758.3
2023-04-15,20758.3
2023-04-16,20758.3
2023-04-17,20758.3
2023-04-18,20758.3
2023-04-19,20758.3
2023-04-20,20758.3
2023-04-21,20758.3
2023-04-22,20758.3
2023-04-23,20758.3
2023-04-24,20758.3
2023-04-25,20758.3
2023-04-26,20758.3
2023-04-27,20758.3
2023-04-28,20758.3
2023-04-29,20758.3
2023-04-30,20758.3
2023-05-01,20829.6
2023-05-02,20829.6
2023-05-03,20829.6
2023-05-04,20829.6
2023-05-05,20829.6
2023-05-06,20829.6
2023-05-07,20829.6
2023-05-08,20829.6
2023-05-09,20829.6
2023-05-10,20829.6
2023-05-11,20829.6
2023-05-12,20829.6
2023-05-13,20829.6
2023-05-14,20829.6
2023-05-15,20829.6
2023-05-16,20829.6
2023-05-17,20829.6
2023-05-18,20829.6
2023-05-19,20829.6
2023-05-20,20829.6
2023-05-21,20829.6
2023-05-22,20829.6
2023-05-23,20829.6
2023-05-24,20829.6
2023-05-25,20829.6
2023-05-26,20829.6
2023-05-27,20829.6
2023-05-28,20829.6
2023-05-29,20829.6
2023-05-30,20829.6
2023-05-31,20829.6
2023-06-01,20798.9
2023-06-02,20798.9
2023-06-03,20798.9
2023-06-04,20798.9
2023-06-05,20798.9
2023-06-06,20798.9
2023-06-07,20798.9
2023-06-08,20798.9
2023-06-09,20798.9
2023-06-10,20798.9
2023-06-11,20798.9
2023-06-12,20798.9
2023-06-13,20798.9
2023-06-14,20798.9
2023-06-15,20798.9
2023-06-16,20798.9
2023-06-17,20798.9
2023-06-18,20798.9
2023-06-19,20798.9
2023-06-20,20798.9
2023-06-21,20798.9
2023-06-22,20798.9
2023-06-23,20798.9
2023-06-24,20798.9
2023-06-25,20798.9
2023-06-26,20798.9
2023-06-27,20798.9
2023-06-28,20798.9
2023-06-29,20798.9
2023-06-30,20798.9
2023-07-01,20792.2
2023-07-02,20792.2
2023-07-03,20792.2
2023-07-04,20792.2
2023-07-05,20792.2
2023-07-06,20792.2
2023-07-07,20792.2
2023-07-08,20792.2
2023-07-09,20792.2
2023-07-10,20792.2
2023-07-11,20792.2
2023-07-12,20792.2
2023-07-13,20792.2
2023-07-14,20792.2
2023-07-15,20792.2
2023-07-16,20792.2
2023-07-17,20792.2
2023-07-18,20792.2
2023-07-19,20792.2
2023-07-20,20792.2
2023-07-21,20792.2
2023-07-22,20792.2
2023-07-23,20792.2
2023-07-24,20792.2
2023-07-25,20792.2
2023-07-26,20792.2
2023-07-27,20792.2
2023-07-28,20792.2
2023-07-29,20792.2
2023-07-30,20792.2
2023-07-31,20792.2
2023-08-01,20782.0
2023-08-02,20782.0
2023-08-03,20782.0
2023-08-04,20782.0
2023-08-05,20782.0
2023-08-06,20782.0
2023-08-07,20782.0
2023-08-08,20782.0
2023-08-09,20782.0
2023-08-10,20782.0
2023-08-11,20782.0
2023-08-12,20782.0
2023-08-13,20782.0
2023-08-14,20782.0
2023-08-15,20782.0
2023-08-16,20782.0
2023-08-17,20782.0
2023-08-18,20782.0
2023-08-19,20782.0
2023-08-20,20782.0
2023-08-21,20782.0
2023-08-22,20782.0
2023-08-23,20782.0
2023-08-24,20782.0
2023-08-25,20782.0
2023-08-26,20782.0
2023-08-27,20782.0
2023-08-28,20782.0
2023-08-29,20782.0
2023-08-30,20782.0
2023-08-31,20782.0
2023-09-01,20753.6
2023-09-02,20753.6
2023-09-03,20753.6
2023-09-04,20753.6
2023-09-05,20753.6
2023-09-06,20753.6
2023-09-07,20753.6
2023-09-08,20753.6
2023-09-09,20753.6
2023-09-10,20753.6
2023-09-11,20753.6
2023-09-12,20753.6
2023-09-13,20753.6
2023-09-14,20753.6
2023-09-15,20753.6
2023-09-16,20753.6
2023-09-17,20753.6
2023-09-18,20753.6
2023-09-19,20753.6
2023-09-20,20753.6
2023-09-21,20753.6
2023-09-22,20753.6
2023-09-23,20753.6
2023-09-24,20753.6
2023-09-25,20753.6
2023-09-26,20753.6
2023-09-27,20753.6
2023-09-28,20753.6
2023-09-29,20753.6
2023-09-30,20753.6
2023-10-01,20737.5
2023-10-02,20737.5
2023-10-03,20737.5
2023-10-04,20737.5
2023-10-05,20737.5
2023-10-06,20737.5
2023-10-07,20737.5
2023-10-08,20737.5
2023-10-09,20737.5
2023-10-10,20737.5
2023-10-11,20737.5
2023-10-12,20737.5
2023-10-13,20737.5
2023-10-14,20737.5
2023-10-15,20737.5
2023-10-16,20737.5
2023-10-17,20737.5
2023-10-18,20737.5
2023-10-19,20737.5
2023-10-20,20737.5
2023-10-21,20737.5
2023-10-22,20737.5
2023-10-23,20737.5
2023-10-24,20737.5
2023-10-25,20737.5
2023-10-26,20737.5
2023-10-27,20737.5
2023-10-28,20737.5
2023-10-29,20737.5
2023-10-30,20737.5
2023-10-31,20737.5
2023-11-01,20749.7
2023-11-02,20749.7
2023-11-03,20749.7
2023-11-04,20749.7
2023-11-05,20749.7
2023-11-06,20749.7
2023-11-07,20749.7
2023-11-08,20749.7
2023-11-09,20749.7
2023-11-10,20749.7
2023-11-11,20749.7
2023-11-12,20749.7
2023-11-13,20749.7
2023-11-14,20749.7
2023-11-15,20749.7
2023-11-16,20749.7
2023-11-17,20749.7
2023-11-18,20749.7
2023-11-19,20749.7
2023-11-20,20749.7
2023-11-21,20749.7
2023-11-22,20749.7
2023-11-23,20749.7
2023-11-24,20749.7
2023-11-25,20749.7
2023-11-26,20749.7
2023-11-27,20749.7
2023-11-28,20749.7
2023-11-29,20749.7
2023-11-30,20749.7
2023-12-01,20779.9
2023-12-02,20779.9
2023-12-03,20779.9
2023-12-04,20779.9
2023-12-05,20779.9
2023-12-06,20779.9
2023-12-07,20779.9
2023-12-08,20779.9
2023-12-09,20779.9
2023-12-10,20779.9
2023-12-11,20779.9
2023-12-12,20779.9
2023-12-13,20779.9
2023-12-14,20779.9
2023-12-15,20779.9
2023-12-16,20779.9
2023-12-17,20779.9
2023-12-18,20779.9
2023-12-19,20779.9
2023-12-20,20779.9
2023-12-21,20779.9
2023-12-22,20779.9
2023-12-23,20779.9
2023-12-24,20779.9
2023-12-25,20779.9
2023-12-26,20779.9
2023-12-27,20779.9
2023-12-28,20779.9
2023-12-29,20779.9
2023-12-30,20779.9
2023-12-31,20779.9
2024-01-01,20835.5
2024-01-02,20835.5
2024-01-03,20835.5
2024-01-04,20835.5
2024-01-05,20835.5
2024-01-06,20835.5
2024-01-07,20835.5
2024-01-08,20835.5
2024-01-09,20835.5
2024-01-10,20835.5
2024-01-11,20835.5
2024-01-12,20835.5
2024-01-13,20835.5
2024-01-14,20835.5
2024-01-15,20835.5
2024-01-16,20835.5
2024-01-17,20835.5
2024-01-18,20835.5
2024-01-19,20835.5
2024-01-20,20835.5
2024-01-21,20835.5
2024-01-22,20835.5
2024-01-23,20835.5
2024-01-24,20835.5
2024-01-25,20835.5
2024-01-26,20835.5
2024-01-27,20835.5
2024-01-28,20835.5
2024-01-29,20835.5
2024-01-30,20835.5
2024-01-31,20835.5
2024-02-01,20921.7
2024-02-02,20921.7
2024-02-03,20921.7
2024-02-04,20921.7
2024-02-05,20921.7
2024-02-06,20921.7
2024-02-07,20921.7
2024-02-08,20921.7
2024-02-09,20921.7
2024-02-10,20921.7
2024-02-11,20921.7
2024-02-12,20921.7
2024-02-13,20921.7
2024-02-14,20921.7
2024-02-15,20921.7
2024-02-16,20921.7
2024-02-17,20921.7
2024-02-18,20921.7
2024-02-19,20921.7
2024-02-20,20921.7
2024-02-21,20921.7
2024-02-22,20921.7
2024-02-23,20921.7
2024-02-24,20921.7
2024-02-25,20921.7
2024-02-26,20921.7
2024-02-27,20921.7
2024-02-28,20921.7
2024-02-29,20921.7
2024-03-01,20965.9
2024-03-02,20965.9
2024-03-03,20965.9
2024-03-04,20965.9
2024-03-05,20965.9
2024-03-06,20965.9
2024-03-07,20965.9
2024-03-08,20965.9
2024-03-09,20965.9
2024-03-10,20965.9
2024-03-11,20965.9
2024-03-12,20965.9
2024-03-13,20965.9
2024-03-14,20965.9
2024-03-15,20965.9
2024-03-16,20965.9
2024-03-17,20965.9
2024-03-18,20965.9
2024-03-19,20965.9
2024-03-20,20965.9
2024-03-21,20965.9
2024-03-22,20965.9
2024-03-23,20965.9
2024-03-24,20965.9
2024-03-25,20965.9
2024-03-26,20965.9
2024-03-27,20965.9
2024-03-28,20965.9
2024-03-29,20965.9
2024-03-30,20965.9
2024-03-31,20965.9
2024-04-01,20955.5
2024-04-02,20955.5
2024-04-03,20955.5
2024-04-04,20955.5
2024-04-05,20955.5
2024-04-06,20955.5
2024-04-07,20955.5
2024-04-08,20955.5
2024-04-09,20955.5
2024-04-10,20955.5
2024-04-11,20955.5
2024-04-12,20955.5
2024-04-13,20955.5
2024-04-14,20955.5
2024-04-15,20955.5
2024-04-16,20955.5
2024-04-17,20955.5
2024-04-18,20955.5
2024-04-19,20955.5
2024-04-20,20955.5
2024-04-21,20955.5
2024-04-22,20955.5
2024-04-23,20955.5
2024-04-24,20955.5
2024-04-25,20955.5
2024-04-26,20955.5
2024-04-27,20955.5
2024-04-28,20955.5
2024-04-29,20955.5
2024-04-30,20955.5
2024-05-01,21021.7
2024-05-02,21021.7
2024-05-03,21021.7
2024-05-04,21021.7
2024-05-05,21021.7
2024-05-06,21021.7
2024-05-07,21021.7
2024-05-08,21021.7
2024-05-09,21021.7
2024-05-10,21021.7
2024-05-11,21021.7
2024-05-12,21021.7
2024-05-13,21021.7
2024-05-14,21021.7
2024-05-15,21021.7
2024-05-16,21021.7
2024-05-17,21021.7
2024-05-18,21021.7
2024-05-19,21021.7
2024-05-20,21021.7
2024-05-21,21021.7
2024-05-22,21021.7
2024-05-23,21021.7
2024-05-24,21021.7
2024-05-25,21021.7
2024-05-26,21021.7
2024-05-27,21021.7
2024-05-28,21021.7
2024-05-29,21021.7
2024-05-30,21021.7
2024-05-31,21021.7
2024-06-01,21070.7
2024-06-02,21070.7
2024-06-03,21070.7
2024-06-04,21070.7
2024-06-05,21070.7
2024-06-06,21070.7
2024-06-07,21070.7
2024-06-08,21070.7
2024-06-09,21070.7
2024-06-10,21070.7
2024-06-11,21070.7
2024-06-12,21070.7
2024-06-13,21070.7
2024-06-14,21070.7
2024-06-15,21070.7
2024-06-16,21070.7
2024-06-17,21070.7
2024-06-18,21070.7
2024-06-19,21070.7
2024-06-20,21070.7
2024-06-21,21070.7
2024-06-22,21070.7
2024-06-23,21070.7
2024-06-24,21070.7
2024-06-25,21070.7
2024-06-26,21070.7
2024-06-27,21070.7
2024-06-28,21070.7
2024-06-29,21070.7
2024-06-30,21070.7
2024-07-01,21098.8
2024-07-02,21098.8
2024-07-03,21098.8
2024-07-04,21098.8
2024-07-05,21098.8
2024-07-06,21098.8
2024-07-07,21098.8
2024-07-08,21098.8
2024-07-09,21098.8
2024-07-10,21098.8
2024-07-11,21098.8
2024-07-12,21098.8
2024-07-13,21098.8
2024-07-14,21098.8
2024-07-15,21098.8
2024-07-16,21098.8
2024-07-17,21098.8
2024-07-18,21098.8
2024-07-19,21098.8
2024-07-20,21098.8
2024-07-21,21098.8
2024-07-22,21098.8
2024-07-23,21098.8
2024-07-24,21098.8
2024-07-25,21098.8
2024-07-26,21098.8
2024-07-27,21098.8
2024-07-28,21098.8
2024-07-29,21098.8
2024-07-30,21098.8
2024-07-31,21098.8
2024-08-01,21191.9
2024-08-02,21191.9
2024-08-03,21191.9
2024-08-04,21191.9
2024-08-05,21191.9
2024-08-06,21191.9
2024-08-07,21191.9
2024-08-08,21191.9
2024-08-09,21191.9
2024-08-10,21191.9
2024-08-11,21191.9
2024-08-12,21191.9
2024-08-13,21191.9
2024-08-14,21191.9
2024-08-15,21191.9
2024-08-16,21191.9
2024-08-17,21191.9
2024-08-18,21191.9
2024-08-19,21191.9
2024-08-20,21191.9
2024-08-21,21191.9
2024-08-22,21191.9
2024-08-23,21191.9
2024-08-24,21191.9
2024-08-25,21191.9
2024-08-26,21191.9
2024-08-27,21191.9
2024-08-28,21191.9
2024-08-29,21191.9
2024-08-30,21191.9
2024-08-31,21191.9
2024-09-01,21275.5
2024-09-02,21275.5
2024-09-03,21275.5
2024-09-04,21275.5
2024-09-05,21275.5
2024-09-06,21275.5
2024-09-07,21275.5
2024-09-08,21275.5
2024-09-09,21275.5
2024-09-10,21275.5
2024-09-11,21275.5
2024-09-12,21275.5
2024-09-13,21275.5
2024-09-14,21275.5
2024-09-15,21275.5
2024-09-16,21275.5
2024-09-17,21275.5
2024-09-18,21275.5
2024-09-19,21275.5
2024-09-20,21275.5
2024-09-21,21275.5
2024-09-22,21275.5
2024-09-23,21275.5
2024-09-24,21275.5
2024-09-25,21275.5
2024-09-26,21275.5
2024-09-27,21275.5
2024-09-28,21275.5
2024-09-29,21275.5
2024-09-30,21275.5
2024-10-01,21336.7
2024-10-02,21336.7
2024-10-03,21336.7
2024-10-04,21336.7
2024-10-05,21336.7
2024-10-06,21336.7
2024-10-07,21336.7
2024-10-08,21336.7
2024-10-09,21336.7
2024-10-10,21336.7
2024-10-11,21336.7
2024-10-12,21336.7
2024-10-13,21336.7
2024-10-14,21336.7
2024-10-15,21336.7
2024-10-16,21336.7
2024-10-17,21336.7
2024-10-18,21336.7
2024-10-19,21336.7
2024-10-20,21336.7
2024-10-21,21336.7
2024-10-22,21336.7
2024-10-23,21336.7
2024-10-24,21336.7
2024-10-25,21336.7
2024-10-26,21336.7
2024-10-27,21336.7
2024-10-28,21336.7
2024-10-29,21336.7
2024-10-30,21336.7
2024-10-31,21336.7
2024-11-01,21454.8
2024-11-02,21454.8
2024-11-03,21454.8
2024-11-04,21454.8
2024-11-05,21454.8
2024-11-06,21454.8
2024-11-07,21454.8
2024-11-08,21454.8
2024-11-09,21454.8
2024-11-10,21454.8
2024-11-11,21454.8
2024-11-12,21454.8
2024-11-13,21454.8
2024-11-14,21454.8
2024-11-15,21454.8
2024-11-16,21454.8
2024-11-17,21454.8
2024-11-18,21454.8
2024-11-19,21454.8
2024-11-20,21454.8
2024-11-21,21454.8
2024-11-22,21454.8
2024-11-23,21454.8
2024-11-24,21454.8
2024-11-25,21454.8
2024-11-26,21454.8
2024-11-27,21454.8
2024-11-28,21454.8
2024-11-29,21454.8
2024-11-30,21454.8
2024-12-01,21487.6
2024-12-02,21487.6
2024-12-03,21487.6
2024-12-04,21487.6
2024-12-05,21487.6
2024-12-06,21487.6
2024-12-07,21487.6
2024-12-08,21487.6
2024-12-09,21487.6
2024-12-10,21487.6
2024-12-11,21487.6
2024-12-12,21487.6
2024-12-13,21487.6
2024-12-14,21487.6
2024-12-15,21487.6
2024-12-16,21487.6
2024-12-17,21487.6
2024-12-18,21487.6
2024-12-19,21487.6
2024-12-20,21487.6
2024-12-21,21487.6
2024-12-22,21487.6
2024-12-23,21487.6
2024-12-24,21487.6
2024-12-25,21487.6
2024-12-26,21487.6
2024-12-27,21487.6
2024-12-28,21487.6
2024-12-29,21487.6
2024-12-30,21487.6
2024-12-31,21487.6
2025-01-01,21539.2
2025-01-02,21539.2
2025-01-03,21539.2
2025-01-04,21539.2
2025-01-05,21539.2
2025-01-06,21539.2
2025-01-07,21539.2
2025-01-08,21539.2
2025-01-09,21539.2
2025-01-10,21539.2
2025-01-11,21539.2
2025-01-12,21539.2
2025-01-13,21539.2
2025-01-14,21539.2
2025-01-15,21539.2
2025-01-16,21539.2
2025-01-17,21539.2
2025-01-18,21539.2
2025-01-19,21539.2
2025-01-20,21539.2
2025-01-21,21539.2
2025-01-22,21539.2
2025-01-23,21539.2
2025-01-24,21539.2
2025-01-25,21539.2
2025-01-26,21539.2
2025-01-27,21539.2
2025-01-28,21539.2
2025-01-29,21539.2
2025-01-30,21539.2
2025-01-31,21539.2
2025-02-01,21607.2
2025-02-02,21607.2
2025-02-03,21607.2
2025-02-04,21607.2
2025-02-05,21607.2
2025-02-06,21607.2
2025-02-07,21607.2
2025-02-08,21607.2
2025-02-09,21607.2
2025-02-10,21607.2
2025-02-11,21607.2
2025-02-12,21607.2
2025-02-13,21607.2
2025-02-14,21607.2
2025-02-15,21607.2
2025-02-16,21607.2
2025-02-17,21607.2
2025-02-18,21607.2
2025-02-19,21607.2
2025-02-20,21607.2
2025-02-21,21607.2
2025-02-22,21607.2
2025-02-23,21607.2
2025-02-24,21607.2
2025-02-25,21607.2
2025-02-26,21607.2
2025-02-27,21607.2
2025-02-28,21607.2
2025-03-01,21684.1
2025-03-02,21684.1
2025-03-03,21684.1
2025-03-04,21684.1
2025-03-05,21684.1
2025-03-06,21684.1
2025-03-07,21684.1
2025-03-08,21684.1
2025-03-09,21684.1
2025-03-10,21684.1
2025-03-11,21684.1
2025-03-12,21684.1
2025-03-13,21684.1
2025-03-14,21684.1
2025-03-15,21684.1
2025-03-16,21684.1
2025-03-17,21684.1
2025-03-18,21684.1
2025-03-19,21684.1
2025-03-20,21684.1
2025-03-21,21684.1
2025-03-22,21684.1
2025-03-23,21684.1
2025-03-24,21684.1
2025-03-25,21684.1
2025-03-26,21684.1
2025-03-27,21684.1
2025-03-28,21684.1
2025-03-29,21684.1
2025-03-30,21684.1
2025-03-31,21684.1
2025-04-01,21770.9
2025-04-02,21770.9
2025-04-03,21770.9
2025-04-04,21770.9
2025-04-05,21770.9
2025-04-06,21770.9
2025-04-07,21770.9
2025-04-08,21770.9
2025-04-09,21770.9
2025-04-10,21770.9
2025-04-11,21770.9
2025-04-12,21770.9
2025-04-13,21770.9
2025-04-14,21770.9
2025-04-15,21770.9
2025-04-16,21770.9
2025-04-17,21770.9
2025-04-18,21770.9
2025-04-19,21770.9
2025-04-20,21770.9
2025-04-21,21770.9
2025-04-22,21770.9
2025-04-23,21770.9
2025-04-24,21770.9
2025-04-25,21770.9
2025-04-26,21770.9
2025-04-27,21770.9
2025-04-28,21770.9
2025-04-29,21770.9
2025-04-30,21770.9
2025-05-01,21836.2
2025-05-02,21836.2
2025-05-03,21836.2
2025-05-04,21836.2
2025-05-05,21836.2
2025-05-06,21836.2
2025-05-07,21836.2
2025-05-08,21836.2
2025-05-09,21836.2
2025-05-10,21836.2
2025-05-11,21836.2
2025-05-12,21836.2
2025-05-13,21836.2
2025-05-14,21836.2
2025-05-15,21836.2
2025-05-16,21836.2
2025-05-17,21836.2
2025-05-18,21836.2
2025-05-19,21836.2
2025-05-20,21836.2
2025-05-21,21836.2
2025-05-22,21836.2
2025-05-23,21836.2
2025-05-24,21836.2
2025-05-25,21836.2
2025-05-26,21836.2
2025-05-27,21836.2
2025-05-28,21836.2
2025-05-29,21836.2
2025-05-30,21836.2
2025-05-31,21836.2
2025-06-01,21942.7
2025-06-02,21942.7
2025-06-03,21942.7
2025-06-04,21942.7
2025-06-05,21942.7
2025-06-06,21942.7
2025-06-07,21942.7
2025-06-08,21942.7
2025-06-09,21942.7
2025-06-10,21942.7
2025-06-11,21942.7
2025-06-12,21942.7
2025-06-13,21942.7
2025-06-14,21942.7
2025-06-15,21942.7
2025-06-16,21942.7
2025-06-17,21942.7
2025-06-18,21942.7
2025-06-19,21942.7
2025-06-20,21942.7
2025-06-21,21942.7
2025-06-22,21942.7
2025-06-23,21942.7
2025-06-24,21942.7
2025-06-25,21942.7
2025-06-26,21942.7
2025-06-27,21942.7
2025-06-28,21942.7
2025-06-29,21942.7
2025-06-30,21942.7
2025-07-01,22025.5
2025-07-02,22025.5
2025-07-03,22025.5
2025-07-04,22025.5
2025-07-05,22025.5
2025-07-06,22025.5
2025-07-07,22025.5
2025-07-08,22025.5
2025-07-09,22025.5
2025-07-10,22025.5
2025-07-11,22025.5
2025-07-12,22025.5
2025-07-13,22025.5
2025-07-14,22025.5
2025-07-15,22025.5
2025-07-16,22025.5
2025-07-17,22025.5
2025-07-18,22025.5
2025-07-19,22025.5
2025-07-20,22025.5
2025-07-21,22025.5
2025-07-22,22025.5
2025-07-23,22025.5
2025-07-24,22025.5
2025-07-25,22025.5
2025-07-26,22025.5
2025-07-27,22025.5
2025-07-28,22025.5
2025-07-29,22025.5
2025-07-30,22025.5
2025-07-31,22025.5
2025-08-01,22092.5
2025-08-02,22092.5
2025-08-03,22092.5
2025-08-04,22092.5
2025-08-05,22092.5
2025-08-06,22092.5
2025-08-07,22092.5
2025-08-08,22092.5
2025-08-09,22092.5
2025-08-10,22092.5
2025-08-11,22092.5
2025-08-12,22092.5
2025-08-13,22092.5
2025-08-14,22092.5
2025-08-15,22092.5
2025-08-16,22092.5
2025-08-17,22092.5
2025-08-18,22092.5
2025-08-19,22092.5
2025-08-20,22092.5
2025-08-21,22092.5
2025-08-22,22092.5
2025-08-23,22092.5
2025-08-24,22092.5
2025-08-25,22092.5
2025-08-26,22092.5
2025-08-27,22092.5
2025-08-28,22092.5
2025-08-29,22092.5
2025-08-30,22092.5
2025-08-31,22092.5
2025-09-01,22176.1
2025-09-02,22176.1
2025-09-03,22176.1
2025-09-04,22176.1
2025-09-05,22176.1
2025-09-06,22176.1
2025-09-07,22176.1
2025-09-08,22176.1
2025-09-09,22176.1
2025-09-10,22176.1
2025-09-11,22176.1
2025-09-12,22176.1
2025-09-13,22176.1
2025-09-14,22176.1
2025-09-15,22176.1
2025-09-16,22176.1
2025-09-17,22176.1
2025-09-18,22176.1
2025-09-19,22176.1
2025-09-20,22176.1
2025-09-21,22176.1
2025-09-22,22176.1
2025-09-23,22176.1
2025-09-24,22176.1
2025-09-25,22176.1
2025-09-26,22176.1
2025-09-27,22176.1
2025-09-28,22176.1
2025-09-29,22176.1
2025-09-30,22176.1
2025-10-01,22249.8
2025-10-02,22249.8
2025-10-03,22249.8
2025-10-04,22249.8
2025-10-05,22249.8
2025-10-06,22249.8
2025-10-07,22249.8
2025-10-08,22249.8
2025-10-09,22249.8
2025-10-10,22249.8
2025-10-11,22249.8
2025-10-12,22249.8
2025-10-13,22249.8
2025-10-14,22249.8
2025-10-15,22249.8
2025-10-16,22249.8
2025-10-17,22249.8
2025-10-18,22249.8
2025-10-19,22249.8
2025-10-20,22249.8
2025-10-21,22249.8
2025-10-22,22249.8
2025-10-23,22249.8
2025-10-24,22249.8
2025-10-25,22249.8
2025-10-26,22249.8
2025-10-27,22249.8
2025-10-28,22249.8
2025-10-29,22249.8
2025-10-30,22249.8
2025-10-31,22249.8
2025-11-01,22279.8
2025-11-02,22279.8
2025-11-03,22279.8
2025-11-04,22279.8
2025-11-05,22279.8
2025-11-06,22279.8
2025-11-07,22279.8
2025-11-08,22279.8
2025-11-09,22279.8
2025-11-10,22279.8
2025-11-11,22279.8
2025-11-12,22279.8
2025-11-13,22279.8
2025-11-14,22279.8
2025-11-15,22279.8
2025-11-16,22279.8
2025-11-17,22279.8
2025-11-18,22279.8
2025-11-19,22279.8
2025-11-20,22279.8
2025-11-21,22279.8
2025-11-22,22279.8
2025-11-23,22279.8
2025-11-24,22279.8
2025-11-25,22279.8
2025-11-26,22279.8
2025-11-27,22279.8
2025-11-28,22279.8
2025-11-29,22279.8
2025-11-30,22279.8
2025-12-01,22355.3
2025-12-02,22355.3
2025-12-03,22355.3
2025-12-04,22355.3
2025-12-05,22355.3
2025-12-06,22355.3
2025-12-07,22355.3
2025-12-08,22355.3
2025-12-09,22355.3
2025-12-10,22355.3
2025-12-11,22355.3
2025-12-12,22355.3
2025-12-13,22355.3
2025-12-14,22355.3
2025-12-15,22355.3
2025-12-16,22355.3
2025-12-17,22355.3
2025-12-18,22355.3
2025-12-19,22355.3
2025-12-20,22355.3
2025-12-21,22355.3
2025-12-22,22355.3
2025-12-23,22355.3
2025-12-24,22355.3
2025-12-25,22355.3
2025-12-26,22355.3
2025-12-27,22355.3
2025-12-28,22355.3
2025-12-29,22355.3
2025-12-30,22355.3
2025-12-31,22355.3
2026-01-01,22420.1
2026-01-02,22420.1
2026-01-03,22420.1
2026-01-04,22420.1
2026-01-05,22420.1
2026-01-06,22420.1
2026-01-07,22420.1
2026-01-08,22420.1
2026-01-09,22420.1
2026-01-10,22420.1
2026-01-11,22420.1
2026-01-12,22420.1
2026-01-13,22420.1
2026-01-14,22420.1
2026-01-15,22420.1
2026-01-16,22420.1
2026-01-17,22420.1
2026-01-18,22420.1
2026-01-19,22420.1
2026-01-20,22420.1
2026-01-21,22420.1
2026-01-22,22420.1
2026-01-23,22420.1
2026-01-24,22420.1
2026-01-25,22420.1
2026-01-26,22420.1
2026-01-27,22420.1
2026-01-28,22420.1
2026-01-29,22420.1
2026-01-30,22420.1
2026-01-31,22420.1
2026-02-01,22620.3
2026-02-02,22620.3
2026-02-03,22620.3
2026-02-04,22620.3
2026-02-05,22620.3
2026-02-06,22620.3
2026-02-07,22620.3
2026-02-08,22620.3
2026-02-09,22620.3
2026-02-10,22620.3
2026-02-11,22620.3
2026-02-12,22620.3
2026-02-13,22620.3
2026-02-14,22620.3
2026-02-15,22620.3
2026-02-16,22620.3
2026-02-17,22620.3
2026-02-18,22620.3
2026-02-19,22620.3
2026-02-20,22620.3
2026-02-21,22620.3
2026-02-22,22620.3
2026-02-23,22620.3
2026-02-24,22620.3
2026-02-25,22620.3
2026-02-26,22620.3
2026-02-27,22620.3
2026-02-28,22620.3
2026-03-01,22676.1
2026-03-02,22676.1
2026-03-03,22676.1
2026-03-04,22676.1
2026-03-05,22676.1
2026-03-06,22676.1
2026-03-07,22676.1
2026-03-08,22676.1
2026-03-09,22676.1
2026-03-10,22676.1
2026-03-11,22676.1
2026-03-12,22676.1
2026-03-13,22676.1
2026-03-14,22676.1
2026-03-15,22676.1
2026-03-16,22676.1
2026-03-17,22676.1
2026-03-18,22676.1
2026-03-19,22676.1
2026-03-20,22676.1
2026-03-21,22676.1
2026-03-22,22676.1
2026-03-23,22676.1
2026-03-24,22676.1
2026-03-25,22676.1
2026-03-26,22676.1
2026-03-27,22676.1
2026-03-28,22676.1
2026-03-29,22676.1
2026-03-30,22676.1
2026-03-31,22676.1
2026-04-01,22799.9
2026-04-02,22799.9
2026-04-03,22799.9
2026-04-04,22799.9
2026-04-05,22799.9
2026-04-06,22799.9
2026-04-07,22799.9
2026-04-08,22799.9
2026-04-09,22799.9
2026-04-10,22799.9
2026-04-11,22799.9
2026-04-12,22799.9
2026-04-13,22799.9
2026-04-14,22799.9
2026-04-15,22799.9
2026-04-16,22799.9
2026-04-17,22799.9
2026-04-18,22799.9
2026-04-19,22799.9
2026-04-20,22799.9
2026-04-21,22799.9
2026-04-22,22799.9
2026-04-23,22799.9
2026-04-24,22799.9
2026-04-25,22799.9
2026-04-26,22799.9
2026-04-27,22799.9
2026-04-28,22799.9
2026-04-29,22799.9
2026-04-30,22799.9
2026-05-01,23055.6
2026-05-02,23055.6
2026-05-03,23055.6
2026-05-04,23055.6
2026-05-05,23055.6
2026-05-06,23055.6
2026-05-07,23055.6
2026-05-08,23055.6
2026-05-09,23055.6
2026-05-10,23055.6
2026-05-11,23055.6
2026-05-12,23055.6
2026-05-13,23055.6
2026-05-14,23055.6
2026-05-15,23055.6
2026-05-16,23055.6
2026-05-17,23055.6
2026-05-18,23055.6
2026-05-19,23055.6
2026-05-20,23055.6
2026-05-21,23055.6
2026-05-22,23055.6
2026-05-23,23055.6
2026-05-24,23055.6
2026-05-25,23055.6
2026-05-26,23055.6
2026-05-27,23055.6
2026-05-28,23055.6
2026-05-29,23055.6
2026-05-30,23055.6
2026-05-31,23055.6
2026-06-01,23155.2
2026-06-02,23155.2
2026-06-03,23155.2
2026-06-04,23155.2
2026-06-05,23155.2
2026-06-06,23155.2
2026-06-07,23155.2
2026-06-08,23155.2
2026-06-09,23155.2
2026-06-10,23155.2
2026-06-11,23155.2
2026-06-12,23155.2
2026-06-13,23155.2
2026-06-14,23155.2
2026-06-15,23155.2
2026-06-16,23155.2
2026-06-17,23155.2
2026-06-18,23155.2
2026-06-19,23155.2
2026-06-20,23155.2
2026-06-21,23155.2
2026-06-22,23155.2
2026-06-23,23155.2
2026-06-24,23155.2
2026-06-25,23155.2
2026-06-26,23155.2
2026-06-27,23155.2
2026-06-28,23155.2
2026-06-29,23155.2
2026-06-30,23155.2
2026-07-01,23155.2
2026-07-02,23155.2
2026-07-03,23155.2
2026-07-04,23155.2
2026-07-05,23155.2
2026-07-06,23155.2
2026-07-07,23155.2
2026-07-08,23155.2
2026-07-09,23155.2
2026-07-10,23155.2
2026-07-11,23155.2
2026-07-12,23155.2
2026-07-13,23155.2
2026-07-14,23155.2
2026-07-15,23155.2
2026-07-16,23155.2
2026-07-17,23155.2
2026-07-18,23155.2
2026-07-19,23155.2
2026-07-20,23155.2
2026-07-21,23155.2
2026-07-22,23155.2
2026-07-23,23155.2
2026-07-24,23155.2
2026-07-25,23155.2
2026-07-26,23155.2
2026-07-27,23155.2
2026-07-28,23155.2
2026-07-29,23155.2
2026-07-30,23155.2
2026-07-31,23155.2
2026-08-01,23155.2
2026-08-02,23155.2
2026-08-03,23155.2
2026-08-04,23155.2
2026-08-05,23155.2
2026-08-06,23155.2
2026-08-07,23155.2
2026-08-08,23155.2
2026-08-09,23155.2
2026-08-10,23155.2
2026-08-11,23155.2
2026-08-12,23155.2
2026-08-13,23155.2
